 -0.909297
 3.04296e+143
 -3.08266e+145
 1.5455e+147
 -5.11233e+148
 1.25511e+150
 -2.43914e+151
 3.9081e+152
 -5.30946e+153
 6.24304e+154
 -6.45341e+155
 5.93705e+156
 -4.90966e+157
 3.67942e+158
 -2.51607e+159
 1.57907e+160
 -9.14059e+160
 4.90136e+161
 -2.4438e+162
 1.13674e+163
 -4.94741e+163
 2.02002e+164
 -7.75549e+164
 2.80579e+165
 -9.58335e+165
 3.09558e+166
 -9.47128e+166
 2.74872e+167
 -7.57656e+167
 1.98584e+168
 -4.95465e+168
 1.1779e+169
 -2.6707e+169
 5.77984e+169
 -1.19484e+170
 2.36108e+170
 -4.46257e+170
 8.07207e+170
 -1.39809e+171
 2.31976e+171
 -3.68882e+171
 5.6239e+171
 -8.22315e+171
 1.15351e+172
 -1.55272e+172
 2.00612e+172
 -2.48823e+172
 2.9632e+172
 -3.38857e+172
 3.7213e+172
 -3.92479e+172
 3.97549e+172
 -3.8673e+172
 3.61283e+172
 -3.24096e+172
 2.79149e+172
 -2.30817e+172
 1.83185e+172
 -1.3951e+172
 1.01929e+172
 -7.14242e+171
 4.79839e+171
 -3.08948e+171
 1.9056e+171
 -1.12545e+171
 6.36134e+170
 -3.43911e+170
 1.77725e+170
 -8.7731e+169
 4.13366e+169
 -1.85753e+169
 7.95358e+168
 -3.24182e+168
 1.25644e+168
 -4.62499e+167
 1.61481e+167
 -5.3399e+166
 1.66949e+166
 -4.92347e+165
 1.36453e+165
 -3.52617e+164
 8.31932e+163
 -1.67013e+163
 1.93111e+162
 8.01576e+161
 -1.27033e+162
 1.76405e+162
 -2.81076e+162
 4.52469e+162
 -6.89518e+162
 9.84682e+162
 -1.32631e+163
 1.7012e+163
 -2.09748e+163
 2.5071e+163
 -2.92697e+163
 3.35823e+163
 -3.80374e+163
 4.26436e+163
 -4.73527e+163
 5.20355e+163
 -5.64785e+163
 6.04046e+163
 -6.35122e+163
 6.55207e+163
 -6.62082e+163
 6.54317e+163
 -6.31267e+163
 5.92889e+163
 -5.39507e+163
 4.7164e+163
 -3.89964e+163
 2.95438e+163
 -1.89508e+163
 7.43081e+162
 4.72521e+162
 -1.71579e+163
 2.94645e+163
 -4.1235e+163
 5.20904e+163
 -6.17164e+163
 6.98863e+163
 -7.64737e+163
 8.14551e+163
 -8.49054e+163
 8.69862e+163
 -8.79293e+163
 8.80114e+163
 -8.75239e+163
 8.67368e+163
 -8.58634e+163
 8.50305e+163
 -8.42615e+163
 8.34774e+163
 -8.25153e+163
 8.11635e+163
 -7.92048e+163
 7.64604e+163
 -7.28253e+163
 6.82886e+163
 -6.29366e+163
 5.694e+163
 -5.05303e+163
 4.3974e+163
 -3.755e+163
 3.1536e+163
 -2.62039e+163
 2.18209e+163
 -1.8652e+163
 1.69575e+163
 -1.69828e+163
 1.89401e+163
 -2.29833e+163
 2.91817e+163
 -3.74937e+163
 4.77467e+163
 -5.96228e+163
 7.26581e+163
 -8.62561e+163
 9.97237e+163
 -1.12327e+164
 1.23368e+164
 -1.32262e+164
 1.38613e+164
 -1.42253e+164
 1.43247e+164
 -1.41846e+164
 1.38417e+164
 -1.33346e+164
 1.26957e+164
 -1.19464e+164
 1.10958e+164
 -1.01441e+164
 9.0881e+163
 -7.92845e+163
 6.67468e+163
 -5.34805e+163
 3.98091e+163
 -2.61284e+163
 1.28496e+163
 -3.37743e+161
 -1.11386e+163
 2.14327e+163
 -3.05161e+163
 3.84465e+163
 -4.5317e+163
 5.12019e+163
 -5.61144e+163
 5.99899e+163
 -6.27033e+163
 6.41155e+163
 -6.41419e+163
 6.28212e+163
 -6.03674e+163
 5.71864e+163
 -5.38462e+163
 5.10042e+163
 -4.92994e+163
 4.92347e+163
 -5.10709e+163
 5.47575e+163
 -5.99173e+163
 6.58854e+163
 -7.17986e+163
 7.67139e+163
 -7.97365e+163
 8.0137e+163
 -7.74431e+163
 7.14992e+163
 -6.24873e+163
 5.09098e+163
 -3.75308e+163
 2.32792e+163
 -9.12249e+162
 -4.07161e+162
 1.5658e+163
 -2.52944e+163
 3.29571e+163
 -3.88872e+163
 4.348e+163
 -4.71496e+163
 5.02055e+163
 -5.27771e+163
 5.48065e+163
 -5.61093e+163
 5.64837e+163
 -5.58315e+163
 5.42521e+163
 -5.20738e+163
 4.98077e+163
 -4.80273e+163
 4.72048e+163
 -4.75482e+163
 4.88872e+163
 -5.06468e+163
 5.19217e+163
 -5.16366e+163
 4.87541e+163
 -4.24743e+163
 3.23784e+163
 -1.84819e+163
 1.19294e+162
 1.88022e+163
 -4.06903e+163
 6.36734e+163
 -8.707e+163
 1.10358e+164
 -1.33164e+164
 1.55211e+164
 -1.76255e+164
 1.9602e+164
 -2.14151e+164
 2.30193e+164
 -2.43581e+164
 2.53667e+164
 -2.59762e+164
 2.61198e+164
 -2.57418e+164
 2.4806e+164
 -2.33044e+164
 2.12622e+164
 -1.8739e+164
 1.58256e+164
 -1.26369e+164
 9.30357e+163
 -5.9632e+163
 2.75212e+163
 2.02288e+162
 -2.78968e+163
 4.92572e+163
 -6.56083e+163
 7.68646e+163
 -8.33571e+163
 8.57649e+163
 -8.49754e+163
 8.1908e+163
 -7.73542e+163
 7.18858e+163
 -6.58538e+163
 5.94662e+163
 -5.28975e+163
 4.63724e+163
 -4.01831e+163
 3.46382e+163
 -2.99764e+163
 2.63013e+163
 -2.35793e+163
 2.17126e+163
 -2.06543e+163
 2.05095e+163
 -2.15651e+163
 2.42234e+163
 -2.88578e+163
 3.56396e+163
 -4.44006e+163
 5.45719e+163
 -6.5209e+163
 7.50817e+163
 -8.27934e+163
 8.69059e+163
 -8.60667e+163
 7.91558e+163
 -6.54636e+163
 4.48906e+163
 -1.81245e+163
 -1.32757e+163
 4.69526e+163
 -8.00128e+163
 1.09449e+164
 -1.32636e+164
 1.47789e+164
 -1.54264e+164
 1.52636e+164
 -1.44547e+164
 1.32368e+164
 -1.18777e+164
 1.0632e+164
 -9.70602e+163
 9.23435e+163
 -9.27043e+163
 9.79041e+163
 -1.07077e+164
 1.18945e+164
 -1.32057e+164
 1.45004e+164
 -1.56561e+164
 1.65747e+164
 -1.71791e+164
 1.74055e+164
 -1.71955e+164
 1.64937e+164
 -1.52527e+164
 1.34454e+164
 -1.10802e+164
 8.2127e+163
 -4.94954e+163
 1.44037e+163
 2.13988e+163
 -5.61481e+163
 8.83034e+163
 -1.16727e+164
 1.40768e+164
 -1.60243e+164
 1.75329e+164
 -1.86397e+164
 1.93838e+164
 -1.97903e+164
 1.98604e+164
 -1.95687e+164
 1.88689e+164
 -1.77082e+164
 1.60485e+164
 -1.38902e+164
 1.1293e+164
 -8.38863e+163
 5.37823e+163
 -2.51399e+163
 6.51175e+161
 1.72518e+163
 -2.68309e+163
 2.73839e+163
 -1.94218e+163
 4.64593e+162
 1.42613e+163
 -3.39869e+163
 5.10136e+163
 -6.2062e+163
 6.44975e+163
 -5.66665e+163
 3.81295e+163
 -9.76183e+162
 -2.63073e+163
 6.69307e+163
 -1.08341e+164
 1.46662e+164
 -1.78446e+164
 2.01143e+164
 -2.13417e+164
 2.1524e+164
 -2.07773e+164
 1.93067e+164
 -1.73652e+164
 1.52099e+164
 -1.30642e+164
 1.1089e+164
 -9.3691e+163
 7.91355e+163
 -6.66943e+163
 5.54627e+163
 -4.44573e+163
 3.2907e+163
 -2.04763e+163
 7.37113e+162
 5.69432e+162
 -1.76571e+163
 2.73451e+163
 -3.3731e+163
 3.61375e+163
 -3.43498e+163
 2.8625e+163
 -1.9621e+163
 8.28285e+162
 4.2714e+162
 -1.68434e+163
 2.82238e+163
 -3.72564e+163
 4.29172e+163
 -4.4417e+163
 4.1318e+163
 -3.36321e+163
 2.18686e+163
 -7.00569e+162
 -9.61578e+162
 2.64569e+163
 -4.19696e+163
 5.4777e+163
 -6.38252e+163
 6.84971e+163
 -6.86868e+163
 6.48288e+163
 -5.78676e+163
 4.91525e+163
 -4.02501e+163
 3.26936e+163
 -2.77154e+163
 2.60281e+163
 -2.77129e+163
 3.22479e+163
 -3.86631e+163
 4.57701e+163
 -5.23927e+163
 5.75357e+163
 -6.04604e+163
 6.06768e+163
 -5.7892e+163
 5.19619e+163
 -4.2876e+163
 3.07783e+163
 -1.59994e+163
 -9.29659e+161
 1.93055e+163
 -3.83192e+163
 5.71413e+163
 -7.49937e+163
 9.11886e+163
 -1.05133e+164
 1.16316e+164
 -1.24304e+164
 1.28754e+164
 -1.29454e+164
 1.26355e+164
 -1.19587e+164
 1.0944e+164
 -9.63269e+163
 8.07535e+163
 -6.33224e+163
 4.47818e+163
 -2.60957e+163
 8.486e+162
 6.61022e+162
 -1.77032e+163
 2.35265e+163
 -2.337e+163
 1.7378e+163
 -6.71233e+162
 -6.49076e+162
 1.9395e+163
 -2.89309e+163
 3.23683e+163
 -2.7877e+163
 1.4958e+163
 5.34714e+162
 -3.0518e+163
 5.68851e+163
 -8.01745e+163
 9.61774e+163
 -1.0143e+164
 9.37889e+163
 -7.28097e+163
 3.98567e+163
 2.06932e+162
 -4.8761e+163
 9.54178e+163
 -1.37334e+164
 1.70533e+164
 -1.92242e+164
 2.01109e+164
 -1.9716e+164
 1.81531e+164
 -1.56059e+164
 1.22871e+164
 -8.40434e+163
 4.14213e+163
 3.42058e+162
 -4.91068e+163
 9.43503e+163
 -1.37861e+164
 1.7831e+164
 -2.14348e+164
 2.44657e+164
 -2.67996e+164
 2.83234e+164
 -2.89349e+164
 2.85428e+164
 -2.70676e+164
 2.44464e+164
 -2.0642e+164
 1.5655e+164
 -9.53749e+163
 2.40654e+163
 5.54513e+163
 -1.40421e+164
 2.27258e+164
 -3.11631e+164
 3.88695e+164
 -4.53476e+164
 5.01427e+164
 -5.29071e+164
 5.34646e+164
 -5.18556e+164
 4.83508e+164
 -4.34206e+164
 3.76635e+164
 -3.17043e+164
 2.60855e+164
 -2.1178e+164
 1.71337e+164
 -1.38895e+164
 1.12211e+164
 -8.82589e+163
 6.41153e+163
 -3.76479e+163
 7.84086e+162
 2.5269e+163
 -6.09525e+163
 9.82695e+163
 -1.36489e+164
 1.75316e+164
 -2.14881e+164
 2.55533e+164
 -2.97533e+164
 3.40753e+164
 -3.84473e+164
 4.27311e+164
 -4.67297e+164
 5.02069e+164
 -5.29144e+164
 5.46216e+164
 -5.51458e+164
 5.43773e+164
 -5.2296e+164
 4.89797e+164
 -4.45994e+164
 3.94039e+164
 -3.36952e+164
 2.77957e+164
 -2.20148e+164
 1.66154e+164
 -1.17876e+164
 7.63291e+163
 -4.1595e+163
 1.29138e+163
 1.11136e+163
 -3.22394e+163
 5.22457e+163
 -7.26354e+163
 9.43846e+163
 -1.17793e+164
 1.42451e+164
 -1.67316e+164
 1.90893e+164
 -2.11461e+164
 2.27344e+164
 -2.3716e+164
 2.40045e+164
 -2.35809e+164
 2.25017e+164
 -2.08953e+164
 1.89482e+164
 -1.68781e+164
 1.48993e+164
 -1.31857e+164
 1.1839e+164
 -1.08711e+164
 1.02075e+164
 -9.71034e+163
 9.21861e+163
 -8.59393e+163
 7.76038e+163
 -6.72678e+163
 5.58479e+163
 -4.48254e+163
 3.58015e+163
 -2.99845e+163
 2.77385e+163
 -2.8311e+163
 2.98092e+163
 -2.94404e+163
 2.39709e+163
 -1.03081e+163
 -1.39083e+163
 4.98249e+163
 -9.70945e+163
 1.53844e+164
 -2.16889e+164
 2.82141e+164
 -3.45132e+164
 4.01549e+164
 -4.47719e+164
 4.80969e+164
 -4.99856e+164
 5.04244e+164
 -4.95239e+164
 4.74995e+164
 -4.46391e+164
 4.1261e+164
 -3.76684e+164
 3.41066e+164
 -3.0734e+164
 2.76119e+164
 -2.47162e+164
 2.19672e+164
 -1.92672e+164
 1.65358e+164
 -1.37328e+164
 1.08644e+164
 -7.97537e+163
 5.13374e+163
 -2.41376e+163
 -1.15967e+162
 2.39952e+163
 -4.39809e+163
 6.09519e+163
 -7.50387e+163
 8.67339e+163
 -9.68997e+163
 1.06664e+164
 -1.17187e+164
 1.29338e+164
 -1.43373e+164
 1.58733e+164
 -1.74043e+164
 1.87337e+164
 -1.96478e+164
 1.99637e+164
 -1.95719e+164
 1.84633e+164
 -1.67319e+164
 1.45566e+164
 -1.21647e+164
 9.7856e+163
 -7.60347e+163
 5.71731e+163
 -4.11529e+163
 2.66973e+163
 -1.15576e+163
 -7.07019e+162
 3.19533e+163
 -6.51617e+163
 1.07481e+164
 -1.58044e+164
 2.14286e+164
 -2.72268e+164
 3.27296e+164
 -3.74715e+164
 4.10688e+164
 -4.32786e+164
 4.4027e+164
 -4.34043e+164
 4.16327e+164
 -3.90177e+164
 3.58976e+164
 -3.26008e+164
 2.94177e+164
 -2.65873e+164
 2.4296e+164
 -2.26826e+164
 2.18449e+164
 -2.18431e+164
 2.26969e+164
 -2.43756e+164
 2.67853e+164
 -2.9756e+164
 3.30379e+164
 -3.63115e+164
 3.9216e+164
 -4.13923e+164
 4.25327e+164
 -4.24259e+164
 4.09839e+164
 -3.82454e+164
 3.43534e+164
 -2.95159e+164
 2.39609e+164
 -1.79002e+164
 1.15118e+164
 -4.94338e+163
 -1.66562e+163
 8.15469e+163
 -1.43173e+164
 1.98912e+164
 -2.45711e+164
 2.80412e+164
 -3.00237e+164
 3.03304e+164
 -2.89069e+164
 2.58583e+164
 -2.14495e+164
 1.60772e+164
 -1.02177e+164
 4.356e+163
 1.09002e+163
 -5.8362e+163
 9.7736e+163
 -1.29732e+164
 1.56494e+164
 -1.80877e+164
 2.05531e+164
 -2.32008e+164
 2.60145e+164
 -2.87872e+164
 3.11527e+164
 -3.26581e+164
 3.28596e+164
 -3.1419e+164
 2.81761e+164
 -2.31856e+164
 1.67116e+164
 -9.18733e+163
 1.15127e+163
 6.82401e+163
 -1.41978e+164
 2.05119e+164
 -2.54223e+164
 2.87123e+164
 -3.02905e+164
 3.01796e+164
 -2.85e+164
 2.54524e+164
 -2.13015e+164
 1.63595e+164
 -1.09699e+164
 5.48884e+163
 -2.63765e+162
 -4.38894e+163
 8.20459e+163
 -1.09852e+164
 1.26052e+164
 -1.30074e+164
 1.21907e+164
 -1.01953e+164
 7.09305e+163
 -2.98645e+163
 -1.97993e+163
 7.60045e+163
 -1.35897e+164
 1.9575e+164
 -2.51099e+164
 2.9714e+164
 -3.29358e+164
 3.44296e+164
 -3.40297e+164
 3.18038e+164
 -2.80708e+164
 2.33742e+164
 -1.84122e+164
 1.39341e+164
 -1.06218e+164
 8.97776e+163
 -9.24071e+163
 1.13456e+164
 -1.49355e+164
 1.94236e+164
 -2.40924e+164
 2.82121e+164
 -3.11527e+164
 3.24725e+164
 -3.19648e+164
 2.96621e+164
 -2.58006e+164
 2.07595e+164
 -1.49899e+164
 8.94946e+163
 -3.04939e+163
 -2.38046e+163
 7.1121e+163
 -1.10285e+164
 1.41241e+164
 -1.6498e+164
 1.83365e+164
 -1.98856e+164
 2.14105e+164
 -2.31492e+164
 2.52664e+164
 -2.78169e+164
 3.07296e+164
 -3.38137e+164
 3.67907e+164
 -3.9343e+164
 4.11723e+164
 -4.2055e+164
 4.18839e+164
 -4.06892e+164
 3.86318e+164
 -3.59714e+164
 3.3014e+164
 -3.00492e+164
 2.72907e+164
 -2.48341e+164
 2.2641e+164
 -2.05549e+164
 1.83433e+164
 -1.57576e+164
 1.25955e+164
 -8.75296e+163
 4.25618e+163
 7.32323e+162
 -5.93062e+163
 1.09729e+164
 -1.54562e+164
 1.89908e+164
 -2.12492e+164
 2.20079e+164
 -2.11796e+164
 1.88317e+164
 -1.51888e+164
 1.06166e+164
 -5.58769e+163
 6.29466e+162
 3.73765e+163
 -7.06576e+163
 9.03779e+163
 -9.50928e+163
 8.52652e+163
 -6.31758e+163
 3.25736e+163
 1.88112e+162
 -3.52959e+163
 6.3241e+163
 -8.2349e+163
 9.07186e+163
 -8.80492e+163
 7.5483e+163
 -5.51892e+163
 2.97897e+163
 -1.76809e+162
 -2.69846e+163
 5.53706e+163
 -8.29904e+163
 1.09801e+164
 -1.35662e+164
 1.5993e+164
 -1.81261e+164
 1.9769e+164
 -2.0698e+164
 2.07138e+164
 -1.96952e+164
 1.76404e+164
 -1.46858e+164
 1.10972e+164
 -7.23753e+163
 3.51619e+163
 -3.28909e+162
 -2.00163e+163
 3.27564e+163
 -3.44791e+163
 2.63477e+163
 -1.09273e+163
 -8.29632e+162
 2.75986e+163
 -4.37808e+163
 5.48713e+163
 -6.06205e+163
 6.26811e+163
 -6.44228e+163
 7.03945e+163
 -8.55099e+163
 1.14077e+164
 -1.58825e+164
 2.20095e+164
 -2.95355e+164
 3.79178e+164
 -4.63748e+164
 5.39892e+164
 -5.98488e+164
 6.32025e+164
 -6.35993e+164
 6.09763e+164
 -5.56747e+164
 4.83722e+164
 -3.99464e+164
 3.12999e+164
 -2.31894e+164
 1.61021e+164
 -1.02081e+164
 5.39851e+163
 -1.39231e+163
 -2.12358e+163
 5.3643e+163
 -8.3666e+163
 1.09807e+164
 -1.29341e+164
 1.39445e+164
 -1.38457e+164
 1.26844e+164
 -1.07577e+164
 8.57596e+163
 -6.76127e+163
 5.9065e+163
 -6.43575e+163
 8.50353e+163
 -1.19602e+164
 1.63907e+164
 -2.12137e+164
 2.58082e+164
 -2.9633e+164
 3.2305e+164
 -3.36233e+164
 3.35433e+164
 -3.2125e+164
 2.94839e+164
 -2.57699e+164
 2.11815e+164
 -1.60029e+164
 1.06378e+164
 -5.60873e+163
 1.50289e+163
 1.13323e+163
 -1.92685e+163
 7.97507e+162
 1.98123e+163
 -5.80658e+163
 9.86177e+163
 -1.32972e+164
 1.54312e+164
 -1.59162e+164
 1.48244e+164
 -1.26296e+164
 1.00906e+164
 -8.06737e+163
 7.31659e+163
 -8.31794e+163
 1.11684e+164
 -1.5564e+164
 2.08661e+164
 -2.62293e+164
 3.07586e+164
 -3.36613e+164
 3.43665e+164
 -3.25943e+164
 2.83721e+164
 -2.20028e+164
 1.40011e+164
 -5.01151e+163
 -4.27337e+163
 1.3186e+164
 -2.11408e+164
 2.7675e+164
 -3.24766e+164
 3.54007e+164
 -3.64756e+164
 3.58961e+164
 -3.3998e+164
 3.12119e+164
 -2.79992e+164
 2.478e+164
 -2.18719e+164
 1.94582e+164
 -1.75995e+164
 1.62886e+164
 -1.55326e+164
 1.54307e+164
 -1.62162e+164
 1.82339e+164
 -2.18513e+164
 2.73216e+164
 -3.46416e+164
 4.34535e+164
 -5.30311e+164
 6.23664e+164
 -7.03413e+164
 7.59427e+164
 -7.84635e+164
 7.7637e+164
 -7.3671e+164
 6.71775e+164
 -5.90203e+164
 5.01261e+164
 -4.13081e+164
 3.31446e+164
 -2.59354e+164
 1.97373e+164
 -1.44546e+164
 9.95155e+163
 -6.14835e+163
 3.0717e+163
 -8.49194e+162
 -3.4521e+162
 3.7148e+162
 8.00597e+162
 -3.04639e+163
 6.08681e+163
 -9.5325e+163
 1.29559e+164
 -1.59672e+164
 1.82717e+164
 -1.96932e+164
 2.01632e+164
 -1.96849e+164
 1.82917e+164
 -1.60183e+164
 1.2896e+164
 -8.97697e+163
 4.3758e+163
 6.87051e+162
 -5.86184e+163
 1.06826e+164
 -1.46234e+164
 1.7191e+164
 -1.80318e+164
 1.7024e+164
 -1.43231e+164
 1.03431e+164
 -5.67143e+163
 9.39821e+162
 3.31009e+163
 -6.72539e+163
 9.17333e+163
 -1.06985e+164
 1.14259e+164
 -1.14507e+164
 1.07605e+164
 -9.22162e+163
 6.63839e+163
 -2.85992e+163
 -2.10686e+163
 8.02613e+163
 -1.44365e+164
 2.07349e+164
 -2.63173e+164
 3.07323e+164
 -3.3798e+164
 3.56445e+164
 -3.66685e+164
 3.74135e+164
 -3.84127e+164
 4.00418e+164
 -4.24226e+164
 4.54049e+164
 -4.86239e+164
 5.16136e+164
 -5.39357e+164
 5.52836e+164
 -5.55318e+164
 5.47184e+164
 -5.29761e+164
 5.04406e+164
 -4.71757e+164
 4.31468e+164
 -3.82572e+164
 3.24355e+164
 -2.57444e+164
 1.84657e+164
 -1.11234e+164
 4.42164e+163
 8.96992e+162
 -4.23982e+163
 5.34672e+163
 -4.41059e+163
 2.09304e+163
 5.78567e+162
 -2.41337e+163
 2.30957e+163
 5.06014e+162
 -6.31066e+163
 1.4828e+164
 -2.5286e+164
 3.65655e+164
 -4.73952e+164
 5.65424e+164
 -6.29643e+164
 6.59018e+164
 -6.49212e+164
 5.99227e+164
 -5.11346e+164
 3.91052e+164
 -2.46888e+164
 9.01216e+163
 6.5973e+163
 -2.07326e+164
 3.20735e+164
 -3.95771e+164
 4.26569e+164
 -4.13068e+164
 3.61341e+164
 -2.82816e+164
 1.92401e+164
 -1.05858e+164
 3.69423e+163
 5.03082e+162
 -1.66223e+163
 3.41603e+161
 3.66341e+163
 -8.47148e+163
 1.34464e+164
 -1.78728e+164
 2.13742e+164
 -2.38964e+164
 2.55826e+164
 -2.65942e+164
 2.69492e+164
 -2.64394e+164
 2.46582e+164
 -2.11291e+164
 1.54874e+164
 -7.64826e+163
 -2.10021e+163
 1.31146e+164
 -2.45223e+164
 3.54171e+164
 -4.5061e+164
 5.30329e+164
 -5.92785e+164
 6.40531e+164
 -6.77817e+164
 7.08869e+164
 -7.36405e+164
 7.60872e+164
 -7.80595e+164
 7.9274e+164
 -7.94708e+164
 7.85458e+164
 -7.66278e+164
 7.40729e+164
 -7.13771e+164
 6.90358e+164
 -6.73969e+164
 6.65583e+164
 -6.63425e+164
 6.6357e+164
 -6.61202e+164
 6.52102e+164
 -6.3389e+164
 6.06632e+164
 -5.72672e+164
 5.35793e+164
 -5.0004e+164
 4.68612e+164
 -4.43162e+164
 4.23697e+164
 -4.09007e+164
 3.97411e+164
 -3.87498e+164
 3.78601e+164
 -3.70852e+164
 3.64877e+164
 -3.61299e+164
 3.60306e+164
 -3.61476e+164
 3.63955e+164
 -3.66898e+164
 3.69969e+164
 -3.73668e+164
 3.79276e+164
 -3.88374e+164
 4.02056e+164
 -4.20084e+164
 4.40321e+164
 -4.58687e+164
 4.69793e+164
 -4.68145e+164
 4.49652e+164
 -4.13012e+164
 3.60553e+164
 -2.98208e+164
 2.34539e+164
 -1.78988e+164
 1.39771e+164
 -1.21959e+164
 1.26277e+164
 -1.48957e+164
 1.82692e+164
 -2.1844e+164
 2.47542e+164
 -2.63582e+164
 2.63456e+164
 -2.47401e+164
 2.18083e+164
 -1.79101e+164
 1.33465e+164
 -8.25758e+163
 2.59991e+163
 3.7938e+163
 -1.11028e+164
 1.93997e+164
 -2.85705e+164
 3.83026e+164
 -4.81419e+164
 5.75941e+164
 -6.62326e+164
 7.37711e+164
 -8.00772e+164
 8.51253e+164
 -8.89113e+164
 9.13629e+164
 -9.22856e+164
 9.1368e+164
 -8.82508e+164
 8.26431e+164
 -7.4448e+164
 6.38608e+164
 -5.14027e+164
 3.78778e+164
 -2.426e+164
 1.15383e+164
 -5.60686e+162
 -8.08335e+163
 1.41153e+164
 -1.75491e+164
 1.86151e+164
 -1.76593e+164
 1.50495e+164
 -1.11197e+164
 6.16412e+163
 -4.75706e+162
 -5.5939e+163
 1.15827e+164
 -1.69045e+164
 2.0889e+164
 -2.28755e+164
 2.23375e+164
 -1.90052e+164
 1.29463e+164
 -4.57705e+163
 -5.4064e+163
 1.61606e+164
 -2.68559e+164
 3.68203e+164
 -4.56254e+164
 5.30937e+164
 -5.92327e+164
 6.41248e+164
 -6.78159e+164
 7.02437e+164
 -7.12288e+164
 7.05279e+164
 -6.79274e+164
 6.3338e+164
 -5.68558e+164
 4.87648e+164
 -3.94821e+164
 2.9464e+164
 -1.91084e+164
 8.69019e+163
 1.64599e+163
 -1.18323e+164
 2.17826e+164
 -3.12926e+164
 3.99775e+164
 -4.72777e+164
 5.25397e+164
 -5.51561e+164
 5.47221e+164
 -5.11616e+164
 4.4783e+164
 -3.62462e+164
 2.64524e+164
 -1.63888e+164
 6.97369e+163
 1.05928e+163
 -7.21607e+163
 1.12387e+164
 -1.30644e+164
 1.27767e+164
 -1.05751e+164
 6.77101e+163
 -1.80295e+163
 -3.75101e+163
 9.19003e+163
 -1.3753e+164
 1.67269e+164
 -1.75809e+164
 1.60917e+164
 -1.24208e+164
 7.11279e+163
 -1.00371e+163
 -4.94481e+163
 9.84817e+163
 -1.30851e+164
 1.44169e+164
 -1.40063e+164
 1.23311e+164
 -1.00204e+164
 7.66496e+163
 -5.65967e+163
 4.12819e+163
 -2.94921e+163
 1.87185e+163
 -6.77706e+162
 -6.68351e+162
 1.93216e+163
 -2.62124e+163
 2.09323e+163
 2.69342e+162
 -4.87059e+163
 1.17571e+164
 -2.0564e+164
 3.05697e+164
 -4.08494e+164
 5.04836e+164
 -5.87666e+164
 6.53559e+164
 -7.03205e+164
 7.40772e+164
 -7.72324e+164
 8.03779e+164
 -8.38988e+164
 8.78479e+164
 -9.19209e+164
 9.55347e+164
 -9.79839e+164
 9.86275e+164
 -9.7056e+164
 9.31966e+164
 -8.73379e+164
 8.00766e+164
 -7.22094e+164
 6.4601e+164
 -5.80544e+164
 5.32049e+164
 -5.04445e+164
 4.98775e+164
 -5.13062e+164
 5.42456e+164
 -5.79719e+164
 6.1605e+164
 -6.42246e+164
 6.50068e+164
 -6.33615e+164
 5.9043e+164
 -5.2207e+164
 4.33967e+164
 -3.34548e+164
 2.33779e+164
 -1.41431e+164
 6.54567e+163
 -1.08597e+163
 -2.07266e+163
 3.06786e+163
 -2.24081e+163
 8.60319e+160
 3.25577e+163
 -7.3026e+163
 1.2025e+164
 -1.74192e+164
 2.35036e+164
 -3.02264e+164
 3.73941e+164
 -4.46451e+164
 5.14788e+164
 -5.73368e+164
 6.17133e+164
 -6.42689e+164
 6.49154e+164
 -6.38497e+164
 6.15225e+164
 -5.85495e+164
 5.55835e+164
 -5.31789e+164
 5.16841e+164
 -5.11854e+164
 5.15178e+164
 -5.23317e+164
 5.31944e+164
 -5.36939e+164
 5.35174e+164
 -5.24872e+164
 5.05568e+164
 -4.77796e+164
 4.42739e+164
 -4.02008e+164
 3.57627e+164
 -3.12148e+164
 2.68735e+164
 -2.31023e+164
 2.02648e+164
 -1.86481e+164
 1.83739e+164
 -1.9327e+164
 2.11279e+164
 -2.31688e+164
 2.47128e+164
 -2.50373e+164
 2.35867e+164
 -2.00959e+164
 1.46507e+164
 -7.66945e+163
 -1.89023e+162
 8.16572e+163
 -1.55518e+164
 2.18099e+164
 -2.66389e+164
 2.99704e+164
 -3.19099e+164
 3.26478e+164
 -3.23739e+164
 3.12232e+164
 -2.92669e+164
 2.6546e+164
 -2.31269e+164
 1.91537e+164
 -1.48728e+164
 1.06153e+164
 -6.73926e+163
 3.551e+163
 -1.22867e+163
 -2.2284e+162
 9.6895e+162
 -1.29216e+163
 1.50358e+163
 -1.84786e+163
 2.43439e+163
 -3.2201e+163
 4.05217e+163
 -4.75609e+163
 5.23603e+163
 -5.54565e+163
 5.8953e+163
 -6.58292e+163
 7.8653e+163
 -9.81231e+163
 1.21993e+164
 -1.44861e+164
 1.59047e+164
 -1.56437e+164
 1.30818e+164
 -8.00119e+163
 7.15793e+162
 7.93301e+163
 -1.67202e+164
 2.42886e+164
 -2.94436e+164
 3.14156e+164
 -3.00197e+164
 2.56761e+164
 -1.9288e+164
 1.20148e+164
 -5.00481e+163
 -8.42533e+162
 5.02489e+163
 -7.46654e+163
 8.43424e+163
 -8.37722e+163
 7.74799e+163
 -6.86084e+163
 5.82735e+163
 -4.57909e+163
 2.95696e+163
 -8.25443e+162
 -1.83475e+163
 4.88969e+163
 -8.0808e+163
 1.11023e+164
 -1.36928e+164
 1.57036e+164
 -1.71163e+164
 1.80067e+164
 -1.84721e+164
 1.85543e+164
 -1.81931e+164
 1.7232e+164
 -1.54781e+164
 1.27969e+164
 -9.20815e+163
 4.94639e+163
 -4.59617e+162
 -3.66105e+163
 6.80565e+163
 -8.49062e+163
 8.48443e+163
 -6.87811e+163
 4.08044e+163
 -7.38883e+162
 -2.39307e+163
 4.60794e+163
 -5.3789e+163
 4.44708e+163
 -1.84592e+163
 -2.13567e+163
 7.03469e+163
 -1.2314e+164
 1.74542e+164
 -2.20156e+164
 2.56649e+164
 -2.81674e+164
 2.93647e+164
 -2.91526e+164
 2.74779e+164
 -2.43548e+164
 1.98972e+164
 -1.43477e+164
 8.08505e+163
 -1.59789e+163
 -4.57918e+163
 9.95362e+163
 -1.41662e+164
 1.70592e+164
 -1.87007e+164
 1.93549e+164
 -1.9402e+164
 1.92273e+164
 -1.91067e+164
 1.9117e+164
 -1.90969e+164
 1.86713e+164
 -1.73333e+164
 1.457e+164
 -1.00001e+164
 3.4932e+163
 4.75929e+163
 -1.42366e+164
 2.41487e+164
 -3.35502e+164
 4.14853e+164
 -4.71349e+164
 4.99389e+164
 -4.96742e+164
 4.64789e+164
 -4.08247e+164
 3.3445e+164
 -2.52345e+164
 1.71341e+164
 -1.00163e+164
 4.58255e+163
 -1.28288e+163
 2.69074e+162
 -1.38825e+163
 4.2218e+163
 -8.16733e+163
 1.25521e+164
 -1.6758e+164
 2.03318e+164
 -2.30566e+164
 2.49679e+164
 -2.63101e+164
 2.74469e+164
 -2.87494e+164
 3.04911e+164
 -3.27763e+164
 3.55197e+164
 -3.84765e+164
 4.13123e+164
 -4.36878e+164
 4.53311e+164
 -4.6077e+164
 4.58622e+164
 -4.46831e+164
 4.25387e+164
 -3.93846e+164
 3.51226e+164
 -2.96375e+164
 2.28716e+164
 -1.49104e+164
 6.04695e+163
 3.20563e+163
 -1.21654e+164
 2.00889e+164
 -2.63051e+164
 3.03406e+164
 -3.19999e+164
 3.13834e+164
 -2.8843e+164
 2.48949e+164
 -2.01193e+164
 1.50764e+164
 -1.02579e+164
 6.07782e+163
 -2.89106e+163
 1.01897e+163
 -7.58789e+162
 2.36186e+163
 -5.97851e+163
 1.15823e+164
 -1.88975e+164
 2.73594e+164
 -3.61291e+164
 4.41758e+164
 -5.04174e+164
 5.38944e+164
 -5.39397e+164
 5.03044e+164
 -4.32078e+164
 3.32995e+164
 -2.15432e+164
 9.04952e+163
 3.10033e+163
 -1.40024e+164
 2.30209e+164
 -2.98117e+164
 3.42866e+164
 -3.65406e+164
 3.67684e+164
 -3.51965e+164
 3.20439e+164
 -2.75166e+164
 2.18253e+164
 -1.52103e+164
 7.95618e+163
 -3.85211e+162
 -7.17453e+163
 1.44348e+164
 -2.11903e+164
 2.734e+164
 -3.28743e+164
 3.78284e+164
 -4.22177e+164
 4.59782e+164
 -4.8939e+164
 5.08425e+164
 -5.14124e+164
 5.04491e+164
 -4.79233e+164
 4.40325e+164
 -3.91986e+164
 3.39993e+164
 -2.90479e+164
 2.48507e+164
 -2.16781e+164
 1.94838e+164
 -1.78945e+164
 1.62764e+164
 -1.38685e+164
 9.9548e+163
 -4.03898e+163
 -4.01923e+163
 1.39389e+164
 -2.50426e+164
 3.63668e+164
 -4.68349e+164
 5.54516e+164
 -6.14738e+164
 6.45221e+164
 -6.46136e+164
 6.21175e+164
 -5.76558e+164
 5.19779e+164
 -4.58391e+164
 3.99024e+164
 -3.46724e+164
 3.04578e+164
 -2.73586e+164
 2.52701e+164
 -2.39061e+164
 2.28421e+164
 -2.15809e+164
 1.9637e+164
 -1.66285e+164
 1.23581e+164
 -6.86422e+163
 4.26901e+162
 6.47491e+163
 -1.32473e+164
 1.92872e+164
 -2.4085e+164
 2.73032e+164
 -2.88137e+164
 2.86899e+164
 -2.71606e+164
 2.45401e+164
 -2.11543e+164
 1.72837e+164
 -1.3137e+164
 8.86201e+163
 -4.58627e+163
 4.71119e+162
 3.24652e+163
 -6.24684e+163
 8.16682e+163
 -8.68153e+163
 7.60319e+163
 -4.96274e+163
 1.03991e+163
 3.67709e+163
 -8.59608e+163
 1.31586e+164
 -1.69647e+164
 1.98412e+164
 -2.18273e+164
 2.30846e+164
 -2.37649e+164
 2.38879e+164
 -2.32809e+164
 2.16088e+164
 -1.84908e+164
 1.36684e+164
 -7.16551e+163
 -6.19831e+162
 8.93016e+163
 -1.67783e+164
 2.316e+164
 -2.72917e+164
 2.88044e+164
 -2.7839e+164
 2.50136e+164
 -2.12726e+164
 1.76586e+164
 -1.50671e+164
 1.40462e+164
 -1.4687e+164
 1.6624e+164
 -1.91353e+164
 2.13095e+164
 -2.22347e+164
 2.1168e+164
 -1.76542e+164
 1.1583e+164
 -3.18536e+163
 -7.01575e+163
 1.8285e+164
 -2.97694e+164
 4.05971e+164
 -4.99723e+164
 5.72587e+164
 -6.20425e+164
 6.41663e+164
 -6.3727e+164
 6.10388e+164
 -5.65669e+164
 5.08505e+164
 -4.44326e+164
 3.78129e+164
 -3.14327e+164
 2.56841e+164
 -2.09307e+164
 1.75177e+164
 -1.57575e+164
 1.58852e+164
 -1.79941e+164
 2.1974e+164
 -2.74748e+164
 3.39177e+164
 -4.05578e+164
 4.65877e+164
 -5.12578e+164
 5.39834e+164
 -5.44129e+164
 5.24455e+164
 -4.82006e+164
 4.19557e+164
 -3.40764e+164
 2.49596e+164
 -1.50016e+164
 4.5929e+163
 5.87165e+163
 -1.5983e+164
 2.53239e+164
 -3.34995e+164
 4.01913e+164
 -4.5221e+164
 4.86069e+164
 -5.05901e+164
 5.16157e+164
 -5.22645e+164
 5.31438e+164
 -5.47619e+164
 5.74141e+164
 -6.11117e+164
 6.55732e+164
 -7.02819e+164
 7.45973e+164
 -7.78912e+164
 7.96755e+164
 -7.96887e+164
 7.79245e+164
 -7.46006e+164
 7.00841e+164
 -6.47995e+164
 5.91492e+164
 -5.34643e+164
 4.79919e+164
 -4.29099e+164
 3.83508e+164
 -3.44155e+164
 3.11667e+164
 -2.86044e+164
 2.66364e+164
 -2.50635e+164
 2.35937e+164
 -2.18914e+164
 1.96517e+164
 -1.668e+164
 1.29533e+164
 -8.64024e+163
 4.07289e+163
 3.25449e+162
 -4.1371e+163
 7.04411e+163
 -8.8929e+163
 9.71194e+163
 -9.67991e+163
 9.05831e+163
 -8.11391e+163
 7.05901e+163
 -6.02938e+163
 5.10402e+163
 -4.35321e+163
 3.88894e+163
 -3.89013e+163
 4.58476e+163
 -6.18907e+163
 8.82241e+163
 -1.24287e+164
 1.67361e+164
 -2.12747e+164
 2.54543e+164
 -2.86823e+164
 3.04913e+164
 -3.06386e+164
 2.91521e+164
 -2.63098e+164
 2.25618e+164
 -1.84168e+164
 1.43279e+164
 -1.06072e+164
 7.39115e+163
 -4.66311e+163
 2.31953e+163
 -2.55875e+162
 -1.55973e+163
 3.05125e+163
 -4.05104e+163
 4.36253e+163
 -3.84705e+163
 2.50284e+163
 -5.05405e+162
 -1.80956e+163
 4.0203e+163
 -5.72988e+163
 6.67975e+163
 -6.82938e+163
 6.374e+163
 -5.69114e+163
 5.22815e+163
 -5.36098e+163
 6.26427e+163
 -7.83034e+163
 9.66184e+163
 -1.1143e+164
 1.15731e+164
 -1.03291e+164
 7.01749e+163
 -1.57632e+163
 -5.69557e+163
 1.41882e+164
 -2.30938e+164
 3.15518e+164
 -3.87898e+164
 4.42247e+164
 -4.75063e+164
 4.85025e+164
 -4.72438e+164
 4.38564e+164
 -3.85111e+164
 3.14094e+164
 -2.2806e+164
 1.3054e+164
 -2.6469e+163
 -7.76928e+163
 1.74324e+164
 -2.55498e+164
 3.14191e+164
 -3.45562e+164
 3.47969e+164
 -3.23458e+164
 2.77547e+164
 -2.18346e+164
 1.55172e+164
 -9.69737e+163
 5.09185e+163
 -2.14142e+163
 9.75407e+162
 -1.43785e+163
 3.16051e+163
 -5.65864e+163
 8.42436e+163
 -1.1e+164
 1.30251e+164
 -1.42614e+164
 1.4606e+164
 -1.41005e+164
 1.29367e+164
 -1.14516e+164
 1.00994e+164
 -9.3921e+163
 9.81123e+163
 -1.17072e+164
 1.52124e+164
 -2.01971e+164
 2.62859e+164
 -3.29363e+164
 3.95601e+164
 -4.56517e+164
 5.0887e+164
 -5.51647e+164
 5.85789e+164
 -6.13374e+164
 6.36548e+164
 -6.56571e+164
 6.73288e+164
 -6.85179e+164
 6.89939e+164
 -6.85355e+164
 6.70152e+164
 -6.44499e+164
 6.09991e+164
 -5.69112e+164
 5.2436e+164
 -4.77373e+164
 4.28343e+164
 -3.75973e+164
 3.17974e+164
 -2.51967e+164
 1.76457e+164
 -9.15643e+163
 -7.33072e+161
 9.69138e+163
 -1.92647e+164
 2.83677e+164
 -3.66547e+164
 4.38945e+164
 -4.99594e+164
 5.47807e+164
 -5.82926e+164
 6.03916e+164
 -6.09291e+164
 5.97429e+164
 -5.67168e+164
 5.18491e+164
 -4.53058e+164
 3.74393e+164
 -2.8766e+164
 1.99051e+164
 -1.14937e+164
 4.0978e+163
 1.86025e+163
 -6.14178e+163
 8.69284e+163
 -9.60962e+163
 9.08203e+163
 -7.33493e+163
 4.58676e+163
 -1.03811e+163
 -3.10858e+163
 7.6104e+163
 -1.21473e+164
 1.63098e+164
 -1.96259e+164
 2.16266e+164
 -2.19343e+164
 2.0346e+164
 -1.68838e+164
 1.17914e+164
 -5.47663e+163
 -1.58436e+163
 8.95111e+163
 -1.6298e+164
 2.34458e+164
 -3.03397e+164
 3.6986e+164
 -4.33752e+164
 4.94204e+164
 -5.49343e+164
 5.96537e+164
 -6.33004e+164
 6.56587e+164
 -6.66411e+164
 6.63198e+164
 -6.4914e+164
 6.27356e+164
 -6.01099e+164
 5.72948e+164
 -5.44214e+164
 5.14729e+164
 -4.83067e+164
 4.47127e+164
 -4.04923e+164
 3.55334e+164
 -2.98626e+164
 2.36586e+164
 -1.72221e+164
 1.09132e+164
 -5.07296e+163
 -4.62577e+161
 4.32002e+163
 -7.75034e+163
 1.04246e+164
 -1.24502e+164
 1.38882e+164
 -1.47084e+164
 1.47831e+164
 -1.39223e+164
 1.19399e+164
 -8.7318e+163
 4.34265e+163
 9.99746e+162
 -6.89212e+163
 1.28053e+164
 -1.81644e+164
 2.24412e+164
 -2.52394e+164
 2.63562e+164
 -2.58122e+164
 2.38466e+164
 -2.08845e+164
 1.7484e+164
 -1.42723e+164
 1.18777e+164
 -1.08621e+164
 1.16574e+164
 -1.45097e+164
 1.94369e+164
 -2.62078e+164
 3.43503e+164
 -4.31949e+164
 5.19536e+164
 -5.98272e+164
 6.61244e+164
 -7.0371e+164
 7.23851e+164
 -7.22992e+164
 7.05189e+164
 -6.76241e+164
 6.42325e+164
 -6.08568e+164
 5.7791e+164
 -5.50542e+164
 5.24062e+164
 -4.94294e+164
 4.56536e+164
 -4.06877e+164
 3.43227e+164
 -2.6582e+164
 1.77081e+164
 -8.10111e+163
 -1.76772e+163
 1.14374e+164
 -2.05114e+164
 2.86763e+164
 -3.56939e+164
 4.13829e+164
 -4.561e+164
 4.83002e+164
 -4.9465e+164
 4.92346e+164
 -4.78764e+164
 4.57852e+164
 -4.34409e+164
 4.13413e+164
 -3.99265e+164
 3.95134e+164
 -4.02542e+164
 4.21255e+164
 -4.49427e+164
 4.8394e+164
 -5.20831e+164
 5.55744e+164
 -5.84388e+164
 6.02993e+164
 -6.08747e+164
 6.00191e+164
 -5.77486e+164
 5.42487e+164
 -4.98558e+164
 4.50114e+164
 -4.01957e+164
 3.58521e+164
 -3.23207e+164
 2.97936e+164
 -2.83059e+164
 2.77615e+164
 -2.79893e+164
 2.88123e+164
 -3.0112e+164
 3.18695e+164
 -3.41706e+164
 3.71729e+164
 -4.10422e+164
 4.58731e+164
 -5.16166e+164
 5.80343e+164
 -6.46951e+164
 7.10196e+164
 -7.63681e+164
 8.01542e+164
 -8.19603e+164
 8.16302e+164
 -7.93141e+164
 7.54547e+164
 -7.07141e+164
 6.58514e+164
 -6.15774e+164
 5.84139e+164
 -5.65879e+164
 5.59847e+164
 -5.61693e+164
 5.64736e+164
 -5.61287e+164
 5.44146e+164
 -5.07942e+164
 4.50058e+164
 -3.70979e+164
 2.74067e+164
 -1.64874e+164
 5.02105e+163
 6.28267e+163
 -1.67667e+164
 2.58816e+164
 -3.32126e+164
 3.84835e+164
 -4.15483e+164
 4.238e+164
 -4.10627e+164
 3.77869e+164
 -3.28418e+164
 2.65956e+164
 -1.94587e+164
 1.18336e+164
 -4.06344e+163
 -3.60192e+163
 1.10056e+164
 -1.80427e+164
 2.45905e+164
 -3.0433e+164
 3.52141e+164
 -3.84445e+164
 3.9571e+164
 -3.80951e+164
 3.37084e+164
 -2.64033e+164
 1.65264e+164
 -4.75752e+163
 -7.98094e+163
 2.06582e+164
 -3.22804e+164
 4.20159e+164
 -4.92774e+164
 5.37568e+164
 -5.54174e+164
 5.44552e+164
 -5.12472e+164
 4.62963e+164
 -4.01814e+164
 3.35159e+164
 -2.69125e+164
 2.09528e+164
 -1.61574e+164
 1.29553e+164
 -1.16496e+164
 1.23871e+164
 -1.51333e+164
 1.96672e+164
 -2.55994e+164
 3.24218e+164
 -3.95836e+164
 4.65805e+164
 -5.30393e+164
 5.8773e+164
 -6.37901e+164
 6.82505e+164
 -7.23758e+164
 7.63386e+164
 -8.0162e+164
 8.36615e+164
 -8.64514e+164
 8.80179e+164
 -8.78423e+164
 8.55402e+164
 -8.09774e+164
 7.43287e+164
 -6.60633e+164
 5.6863e+164
 -4.74968e+164
 3.86892e+164
 -3.1014e+164
 2.48379e+164
 -2.03164e+164
 1.74316e+164
 -1.60478e+164
 1.59636e+164
 -1.69451e+164
 1.87358e+164
 -2.1052e+164
 2.35774e+164
 -2.5969e+164
 2.78834e+164
 -2.90185e+164
 2.9159e+164
 -2.82106e+164
 2.62075e+164
 -2.32864e+164
 1.96344e+164
 -1.54251e+164
 1.07659e+164
 -5.6761e+163
 1.05948e+162
 6.00967e+163
 -1.26813e+164
 1.98062e+164
 -2.71447e+164
 3.4346e+164
 -4.10186e+164
 4.68265e+164
 -5.15824e+164
 5.53078e+164
 -5.82412e+164
 6.07881e+164
 -6.34254e+164
 6.65822e+164
 -7.0528e+164
 7.52955e+164
 -8.06565e+164
 8.61553e+164
 -9.1192e+164
 9.51321e+164
 -9.74172e+164
 9.76517e+164
 -9.56482e+164
 9.14296e+164
 -8.5196e+164
 7.72751e+164
 -6.80758e+164
 5.80592e+164
 -4.7729e+164
 3.76362e+164
 -2.83798e+164
 2.05876e+164
 -1.4866e+164
 1.17202e+164
 -1.14581e+164
 1.41011e+164
 -1.93307e+164
 2.64903e+164
 -3.46554e+164
 4.27623e+164
 -4.97764e+164
 5.48633e+164
 -5.75278e+164
 5.76866e+164
 -5.56598e+164
 5.20796e+164
 -4.77395e+164
 4.34174e+164
 -3.97141e+164
 3.69425e+164
 -3.50881e+164
 3.3844e+164
 -3.27045e+164
 3.10904e+164
 -2.84743e+164
 2.44834e+164
 -1.8963e+164
 1.20003e+164
 -3.91256e+163
 -4.79266e+163
 1.3476e+164
 -2.1441e+164
 2.80215e+164
 -3.26746e+164
 3.50706e+164
 -3.51621e+164
 3.32166e+164
 -2.97979e+164
 2.5695e+164
 -2.1806e+164
 1.9001e+164
 -1.79895e+164
 1.92199e+164
 -2.28289e+164
 2.8646e+164
 -3.62446e+164
 4.50221e+164
 -5.42884e+164
 6.33437e+164
 -7.15375e+164
 7.83052e+164
 -8.31918e+164
 8.58719e+164
 -8.61715e+164
 8.40949e+164
 -7.98458e+164
 7.38313e+164
 -6.66336e+164
 5.89432e+164
 -5.14573e+164
 4.47617e+164
 -3.92253e+164
 3.49365e+164
 -3.17049e+164
 2.91342e+164
 -2.67526e+164
 2.41654e+164
 -2.11888e+164
 1.79246e+164
 -1.47525e+164
 1.22417e+164
 -1.10061e+164
 1.15467e+164
 -1.41252e+164
 1.87043e+164
 -2.49665e+164
 3.23995e+164
 -4.04165e+164
 4.84715e+164
 -5.61352e+164
 6.31146e+164
 -6.92168e+164
 7.42816e+164
 -7.811e+164
 8.04221e+164
 -8.08608e+164
 7.90458e+164
 -7.46661e+164
 6.75847e+164
 -5.793e+164
 4.61453e+164
 -3.29826e+164
 1.94342e+164
 -6.6119e+163
 -4.40773e+163
 1.27425e+164
 -1.78403e+164
 1.95641e+164
 -1.82097e+164
 1.44519e+164
 -9.22937e+163
 3.59087e+163
 1.46861e+163
 -5.1507e+163
 6.95142e+163
 -6.69974e+163
 4.53635e+163
 -8.43837e+162
 -3.85198e+163
 8.98711e+163
 -1.40509e+164
 1.8651e+164
 -2.25473e+164
 2.56567e+164
 -2.80348e+164
 2.98422e+164
 -3.12985e+164
 3.26292e+164
 -3.40086e+164
 3.55066e+164
 -3.70487e+164
 3.84025e+164
 -3.91995e+164
 3.89963e+164
 -3.73643e+164
 3.39914e+164
 -2.8769e+164
 2.18398e+164
 -1.3592e+164
 4.5967e+163
 4.49565e+163
 -1.3076e+164
 2.06831e+164
 -2.70695e+164
 3.22122e+164
 -3.62675e+164
 3.94846e+164
 -4.21038e+164
 4.4268e+164
 -4.59726e+164
 4.70657e+164
 -4.72981e+164
 4.64058e+164
 -4.42005e+164
 4.06416e+164
 -3.58691e+164
 3.01912e+164
 -2.40307e+164
 1.78485e+164
 -1.20645e+164
 6.99543e+163
 -2.81973e+163
 -4.294e+162
 2.84985e+163
 -4.6464e+163
 6.10549e+163
 -7.57295e+163
 9.43262e+163
 -1.20803e+164
 1.58879e+164
 -2.11558e+164
 2.80594e+164
 -3.65986e+164
 4.65634e+164
 -5.75259e+164
 6.8864e+164
 -7.98161e+164
 8.95584e+164
 -9.72941e+164
 1.02339e+165
 -1.04193e+165
 1.02586e+165
 -9.75001e+164
 8.91608e+164
 -7.80092e+164
 6.46545e+164
 -4.98168e+164
 3.42634e+164
 -1.87476e+164
 3.95397e+163
 9.53945e+163
 -2.12798e+164
 3.09361e+164
 -3.82796e+164
 4.316e+164
 -4.5489e+164
 4.52421e+164
 -4.24808e+164
 3.73867e+164
 -3.02927e+164
 2.1693e+164
 -1.22204e+164
 2.58811e+163
 6.49324e+163
 -1.44061e+164
 2.07032e+164
 -2.51546e+164
 2.77573e+164
 -2.87055e+164
 2.83341e+164
 -2.70434e+164
 2.52228e+164
 -2.31844e+164
 2.11168e+164
 -1.90663e+164
 1.69479e+164
 -1.45827e+164
 1.17567e+164
 -8.2881e+163
 4.08921e+163
 7.89021e+162
 -6.14245e+163
 1.16325e+164
 -1.68357e+164
 2.13135e+164
 -2.46872e+164
 2.66998e+164
 -2.72525e+164
 2.64067e+164
 -2.4354e+164
 2.13633e+164
 -1.7719e+164
 1.36668e+164
 -9.38007e+163
 4.9516e+163
 -4.11337e+162
 -4.2406e+163
 8.99718e+163
 -1.38168e+164
 1.8613e+164
 -2.32628e+164
 2.76292e+164
 -3.15883e+164
 3.50508e+164
 -3.79729e+164
 4.0354e+164
 -4.22244e+164
 4.36307e+164
 -4.46227e+164
 4.5247e+164
 -4.55481e+164
 4.55747e+164
 -4.53901e+164
 4.50801e+164
 -4.47566e+164
 4.45505e+164
 -4.45924e+164
 4.49819e+164
 -4.57501e+164
 4.68259e+164
 -4.8018e+164
 4.90221e+164
 -4.94573e+164
 4.89285e+164
 -4.70992e+164
 4.37611e+164
 -3.88808e+164
 3.2616e+164
 -2.52998e+164
 1.73971e+164
 -9.44715e+163
 2.00061e+163
 4.4404e+163
 -9.4759e+163
 1.2853e+164
 -1.44988e+164
 1.45352e+164
 -1.32675e+164
 1.11408e+164
 -8.66491e+163
 6.31997e+163
 -4.46088e+163
 3.24632e+163
 -2.61136e+163
 2.29312e+163
 -1.9035e+163
 1.03022e+163
 6.59927e+162
 -3.34032e+163
 6.9835e+163
 -1.13658e+164
 1.61127e+164
 -2.07731e+164
 2.49056e+164
 -2.81618e+164
 3.03508e+164
 -3.14746e+164
 3.17268e+164
 -3.14554e+164
 3.10947e+164
 -3.10829e+164
 3.17799e+164
 -3.34051e+164
 3.6005e+164
 -3.94534e+164
 4.34783e+164
 -4.77053e+164
 5.17045e+164
 -5.50352e+164
 5.72859e+164
 -5.81102e+164
 5.72595e+164
 -5.46125e+164
 5.01935e+164
 -4.4175e+164
 3.68601e+164
 -2.86461e+164
 1.99772e+164
 -1.12974e+164
 3.01228e+163
 4.53404e+163
 -1.1069e+164
 1.63951e+164
 -2.03926e+164
 2.3027e+164
 -2.43569e+164
 2.4537e+164
 -2.38074e+164
 2.24649e+164
 -2.08184e+164
 1.91385e+164
 -1.76161e+164
 1.63414e+164
 -1.53105e+164
 1.44551e+164
 -1.36837e+164
 1.29172e+164
 -1.21085e+164
 1.12397e+164
 -1.03031e+164
 9.27554e+163
 -8.09948e+163
 6.67792e+163
 -4.88606e+163
 2.59553e+163
 2.94974e+162
 -3.82853e+163
 7.96255e+163
 -1.25478e+164
 1.7317e+164
 -2.18881e+164
 2.57864e+164
 -2.8491e+164
 2.95043e+164
 -2.84381e+164
 2.51019e+164
 -1.95776e+164
 1.22601e+164
 -3.85132e+163
 -4.69821e+163
 1.22969e+164
 -1.78525e+164
 2.04247e+164
 -1.93604e+164
 1.43906e+164
 -5.66909e+163
 -6.25101e+163
 2.04959e+164
 -3.59856e+164
 5.15619e+164
 -6.61052e+164
 7.86264e+164
 -8.83273e+164
 9.46342e+164
 -9.72147e+164
 9.59871e+164
 -9.11268e+164
 8.30676e+164
 -7.24853e+164
 6.02537e+164
 -4.73635e+164
 3.48051e+164
 -2.34334e+164
 1.38397e+164
 -6.26521e+163
 5.83698e+162
 3.63554e+163
 -6.99254e+163
 1.00821e+164
 -1.33254e+164
 1.6855e+164
 -2.0486e+164
 2.37837e+164
 -2.62084e+164
 2.72964e+164
 -2.68258e+164
 2.49209e+164
 -2.20658e+164
 1.90236e+164
 -1.66842e+164
 1.58768e+164
 -1.71952e+164
 2.0872e+164
 -2.67278e+164
 3.41983e+164
 -4.24302e+164
 5.04209e+164
 -5.71753e+164
 6.18543e+164
 -6.38921e+164
 6.3068e+164
 -5.9524e+164
 5.37261e+164
 -4.63748e+164
 3.82816e+164
 -3.02294e+164
 2.28448e+164
 -1.65049e+164
 1.12953e+164
 -7.02578e+163
 3.29893e+163
 3.86624e+162
 -4.51832e+163
 9.46144e+163
 -1.53802e+164
 2.22011e+164
 -2.9624e+164
 3.71748e+164
 -4.42904e+164
 5.04147e+164
 -5.50879e+164
 5.80109e+164
 -5.9072e+164
 5.83352e+164
 -5.59952e+164
 5.23153e+164
 -4.75644e+164
 4.19704e+164
 -3.57001e+164
 2.88677e+164
 -2.15644e+164
 1.38979e+164
 -6.02663e+163
 -1.82315e+163
 9.36118e+163
 -1.62574e+164
 2.2178e+164
 -2.68241e+164
 2.99658e+164
 -3.14702e+164
 3.13235e+164
 -2.96502e+164
 2.67291e+164
 -2.29972e+164
 1.90319e+164
 -1.54986e+164
 1.3061e+164
 -1.22622e+164
 1.33998e+164
 -1.64273e+164
 2.09132e+164
 -2.60777e+164
 3.09077e+164
 -3.43309e+164
 3.54117e+164
 -3.3525e+164
 2.84733e+164
 -2.05215e+164
 1.03509e+164
 1.05517e+163
 -1.25631e+164
 2.30475e+164
 -3.15298e+164
 3.72786e+164
 -3.98668e+164
 3.91881e+164
 -3.54404e+164
 2.90866e+164
 -2.07967e+164
 1.13782e+164
 -1.69467e+163
 -7.42294e+163
 1.52668e+164
 -2.13357e+164
 2.53988e+164
 -2.75283e+164
 2.80916e+164
 -2.76988e+164
 2.71123e+164
 -2.71289e+164
 2.84537e+164
 -3.15867e+164
 3.6738e+164
 -4.37851e+164
 5.22752e+164
 -6.14716e+164
 7.04364e+164
 -7.8139e+164
 8.358e+164
 -8.59174e+164
 8.45808e+164
 -7.93602e+164
 7.0454e+164
 -5.84682e+164
 4.43622e+164
 -2.93472e+164
 1.47493e+164
 -1.85727e+163
 -8.22473e+163
 1.46985e+164
 -1.71535e+164
 1.55979e+164
 -1.04387e+164
 2.41337e+163
 7.5173e+163
 -1.83005e+164
 2.89305e+164
 -3.85763e+164
 4.66789e+164
 -5.30031e+164
 5.7634e+164
 -6.09188e+164
 6.33661e+164
 -6.5523e+164
 6.78576e+164
 -7.06705e+164
 7.40531e+164
 -7.78969e+164
 8.1943e+164
 -8.58552e+164
 8.92942e+164
 -9.19742e+164
 9.36944e+164
 -9.43425e+164
 9.38783e+164
 -9.23066e+164
 8.9651e+164
 -8.59345e+164
 8.11726e+164
 -7.53807e+164
 6.85935e+164
 -6.08947e+164
 5.24497e+164
 -4.35341e+164
 3.45469e+164
 -2.59984e+164
 1.84658e+164
 -1.25175e+164
 8.61659e+163
 -7.02264e+163
 7.71635e+163
 -1.03689e+164
 1.43688e+164
 -1.89039e+164
 2.30828e+164
 -2.6069e+164
 2.71999e+164
 -2.60693e+164
 2.2564e+164
 -1.68566e+164
 9.36523e+163
 -6.93619e+162
 -8.43674e+163
 1.72576e+164
 -2.50251e+164
 3.10897e+164
 -3.49604e+164
 3.63565e+164
 -3.52355e+164
 3.17909e+164
 -2.64161e+164
 1.96404e+164
 -1.20494e+164
 4.20567e+163
 3.4164e+163
 -1.04698e+164
 1.67475e+164
 -2.21707e+164
 2.67628e+164
 -3.06176e+164
 3.38709e+164
 -3.66794e+164
 3.92079e+164
 -4.16231e+164
 4.4088e+164
 -4.67552e+164
 4.97544e+164
 -5.31757e+164
 5.70513e+164
 -6.13381e+164
 6.5908e+164
 -7.05487e+164
 7.49778e+164
 -7.88696e+164
 8.18935e+164
 -8.37576e+164
 8.4252e+164
 -8.32847e+164
 8.09028e+164
 -7.72945e+164
 7.27708e+164
 -6.77285e+164
 6.26022e+164
 -5.78104e+164
 5.37055e+164
 -5.05309e+164
 4.83908e+164
 -4.72328e+164
 4.6848e+164
 -4.68891e+164
 4.69107e+164
 -4.64312e+164
 4.50116e+164
 -4.23404e+164
 3.83089e+164
 -3.30596e+164
 2.69919e+164
 -2.07202e+164
 1.49871e+164
 -1.05466e+164
 8.03912e+163
 -7.88278e+163
 1.01993e+164
 -1.47886e+164
 2.11539e+164
 -2.85714e+164
 3.6192e+164
 -4.31567e+164
 4.87093e+164
 -5.22889e+164
 5.35903e+164
 -5.25856e+164
 4.95069e+164
 -4.47934e+164
 3.9015e+164
 -3.27822e+164
 2.66555e+164
 -2.10664e+164
 1.62597e+164
 -1.22656e+164
 8.90846e+163
 -5.85102e+163
 2.67192e+163
 1.03776e+163
 -5.57556e+163
 1.10472e+164
 -1.73227e+164
 2.40408e+164
 -3.06621e+164
 3.65622e+164
 -4.11467e+164
 4.39642e+164
 -4.47973e+164
 4.37121e+164
 -4.10587e+164
 3.7422e+164
 -3.35343e+164
 3.01643e+164
 -2.80044e+164
 2.75749e+164
 -2.91597e+164
 3.27819e+164
 -3.8218e+164
 4.50454e+164
 -5.27083e+164
 6.05909e+164
 -6.80848e+164
 7.46416e+164
 -7.98111e+164
 8.32631e+164
 -8.47997e+164
 8.43601e+164
 -8.20187e+164
 7.79769e+164
 -7.25433e+164
 6.61028e+164
 -5.90757e+164
 5.18715e+164
 -4.48462e+164
 3.82701e+164
 -3.2312e+164
 2.70396e+164
 -2.24328e+164
 1.84055e+164
 -1.48296e+164
 1.15584e+164
 -8.4495e+163
 5.38609e+163
 -2.2964e+163
 -8.31613e+162
 3.94543e+163
 -6.93741e+163
 9.66998e+163
 -1.20125e+164
 1.38803e+164
 -1.52632e+164
 1.62325e+164
 -1.69206e+164
 1.74783e+164
 -1.80211e+164
 1.85811e+164
 -1.90821e+164
 1.93457e+164
 -1.91302e+164
 1.81927e+164
 -1.63589e+164
 1.35813e+164
 -9.97244e+163
 5.7999e+163
 -1.44448e+163
 -2.67316e+163
 6.18112e+163
 -8.83978e+163
 1.05991e+164
 -1.16135e+164
 1.22073e+164
 -1.27976e+164
 1.37928e+164
 -1.5492e+164
 1.80133e+164
 -2.12684e+164
 2.49919e+164
 -2.88148e+164
 3.23634e+164
 -3.53556e+164
 3.76688e+164
 -3.93617e+164
 4.06435e+164
 -4.17975e+164
 4.308e+164
 -4.46197e+164
 4.63482e+164
 -4.798e+164
 4.90551e+164
 -4.90334e+164
 4.74215e+164
 -4.38997e+164
 3.84181e+164
 -3.12382e+164
 2.29114e+164
 -1.42008e+164
 5.96481e+163
 9.72876e+162
 -5.94376e+163
 8.52684e+163
 -8.60214e+163
 6.36075e+163
 -2.27241e+163
 -2.98522e+163
 8.62704e+163
 -1.3879e+164
 1.80985e+164
 -2.08781e+164
 2.21148e+164
 -2.20291e+164
 2.11294e+164
 -2.01231e+164
 1.97893e+164
 -2.08363e+164
 2.37701e+164
 -2.87985e+164
 3.5789e+164
 -4.42852e+164
 5.35757e+164
 -6.27967e+164
 7.10483e+164
 -7.7502e+164
 8.14874e+164
 -8.25503e+164
 8.04851e+164
 -7.53445e+164
 6.74317e+164
 -5.72766e+164
 4.55936e+164
 -3.32215e+164
 2.10448e+164
 -9.90286e+163
 4.97847e+162
 6.68585e+163
 -1.14363e+164
 1.38326e+164
 -1.42229e+164
 1.31639e+164
 -1.13321e+164
 9.42139e+163
 -8.04497e+163
 7.65848e+163
 -8.51695e+163
 1.06695e+164
 -1.39875e+164
 1.82132e+164
 -2.30148e+164
 2.80312e+164
 -3.29015e+164
 3.72776e+164
 -4.08281e+164
 4.32425e+164
 -4.42444e+164
 4.36155e+164
 -4.1227e+164
 3.70705e+164
 -3.12793e+164
 2.4135e+164
 -1.60558e+164
 7.56858e+163
 7.32849e+162
 -8.23838e+163
 1.43784e+164
 -1.86822e+164
 2.08338e+164
 -2.07176e+164
 1.84469e+164
 -1.43673e+164
 9.03026e+163
 -3.13634e+163
 -2.54763e+163
 7.28671e+163
 -1.04786e+164
 1.17423e+164
 -1.09815e+164
 8.41164e+163
 -4.5447e+163
 1.30018e+162
 3.94401e+163
 -6.7766e+163
 7.59219e+163
 -5.86728e+163
 1.42348e+163
 5.53315e+163
 -1.44373e+164
 2.4453e+164
 -3.46101e+164
 4.39614e+164
 -5.17294e+164
 5.7412e+164
 -6.08279e+164
 6.21006e+164
 -6.159e+164
 5.97983e+164
 -5.72745e+164
 5.45407e+164
 -5.20482e+164
 5.01627e+164
 -4.91651e+164
 4.92547e+164
 -5.0543e+164
 5.3038e+164
 -5.66226e+164
 6.10408e+164
 -6.59011e+164
 7.07047e+164
 -7.48965e+164
 7.79315e+164
 -7.93438e+164
 7.88058e+164
 -7.61669e+164
 7.14673e+164
 -6.49268e+164
 5.69137e+164
 -4.79015e+164
 3.842e+164
 -2.90069e+164
 2.01639e+164
 -1.23194e+164
 5.79816e+163
 -8.02307e+162
 -2.598e+163
 4.46099e+163
 -4.95906e+163
 4.35737e+163
 -2.99015e+163
 1.2398e+163
 4.78727e+162
 -1.72937e+163
 2.0667e+163
 -1.05409e+163
 -1.70679e+163
 6.53392e+163
 -1.36143e+164
 2.29527e+164
 -3.43317e+164
 4.72936e+164
 -6.11514e+164
 7.50357e+164
 -8.79712e+164
 9.8979e+164
 -1.0719e+165
 1.11953e+165
 -1.12922e+165
 1.10104e+165
 -1.03861e+165
 9.48493e+164
 -8.39279e+164
 7.20195e+164
 -5.99739e+164
 4.84465e+164
 -3.78216e+164
 2.81943e+164
 -1.94169e+164
 1.11963e+164
 -3.21933e+163
 -4.72618e+163
 1.26656e+164
 -2.04084e+164
 2.75831e+164
 -3.37251e+164
 3.83942e+164
 -4.129e+164
 4.23366e+164
 -4.17175e+164
 3.98541e+164
 -3.73373e+164
 3.48304e+164
 -3.29676e+164
 3.22678e+164
 -3.30786e+164
 3.55536e+164
 -3.96558e+164
 4.51785e+164
 -5.17695e+164
 5.89544e+164
 -6.61595e+164
 7.27421e+164
 -7.80381e+164
 8.14314e+164
 -8.24398e+164
 8.08007e+164
 -7.65338e+164
 6.99561e+164
 -6.16378e+164
 5.23027e+164
 -4.26924e+164
 3.34303e+164
 -2.49184e+164
 1.72928e+164
 -1.04481e+164
 4.11844e+163
 2.01158e+163
 -8.19871e+163
 1.45676e+164
 -2.10893e+164
 2.76128e+164
 -3.3934e+164
 3.9873e+164
 -4.53325e+164
 5.03137e+164
 -5.48836e+164
 5.91048e+164
 -6.29533e+164
 6.62552e+164
 -6.86697e+164
 6.97312e+164
 -6.89444e+164
 6.59128e+164
 -6.04641e+164
 5.27427e+164
 -4.32397e+164
 3.27515e+164
 -2.22717e+164
 1.28394e+164
 -5.37382e+163
 5.32261e+162
 1.38247e+163
 -4.46633e+162
 -2.9278e+163
 8.09022e+163
 -1.4277e+164
 2.07364e+164
 -2.68279e+164
 3.20796e+164
 -3.62008e+164
 3.90566e+164
 -4.06208e+164
 4.09229e+164
 -4.00051e+164
 3.78982e+164
 -3.46206e+164
 3.01962e+164
 -2.4686e+164
 1.82228e+164
 -1.10393e+164
 3.47949e+163
 4.01412e+163
 -1.09389e+164
 1.67938e+164
 -2.11549e+164
 2.37483e+164
 -2.45073e+164
 2.35964e+164
 -2.13975e+164
 1.8457e+164
 -1.54041e+164
 1.28556e+164
 -1.13265e+164
 1.11613e+164
 -1.24993e+164
 1.52782e+164
 -1.9271e+164
 2.41492e+164
 -2.95544e+164
 3.51639e+164
 -4.07356e+164
 4.61243e+164
 -5.1267e+164
 5.61477e+164
 -6.07527e+164
 6.50349e+164
 -6.88969e+164
 7.22e+164
 -7.47931e+164
 7.65508e+164
 -7.7405e+164
 7.73601e+164
 -7.64844e+164
 7.48809e+164
 -7.26466e+164
 6.98313e+164
 -6.64078e+164
 6.22626e+164
 -5.72123e+164
 5.10458e+164
 -4.35869e+164
 3.47644e+164
 -2.46704e+164
 1.35876e+164
 -1.96989e+163
 -9.62679e+163
 2.06509e+164
 -3.067e+164
 3.946e+164
 -4.70377e+164
 5.3623e+164
 -5.95411e+164
 6.50923e+164
 -7.04338e+164
 7.55086e+164
 -8.00456e+164
 8.36285e+164
 -8.58092e+164
 8.62272e+164
 -8.46972e+164
 8.12386e+164
 -7.60434e+164
 6.9398e+164
 -6.15924e+164
 5.28519e+164
 -4.33158e+164
 3.30709e+164
 -2.22238e+164
 1.09819e+164
 2.93661e+162
 -1.10896e+164
 2.0806e+164
 -2.887e+164
 3.48652e+164
 -3.86352e+164
 4.0326e+164
 -4.03511e+164
 3.9286e+164
 -3.77224e+164
 3.6124e+164
 -3.47255e+164
 3.35022e+164
 -3.22195e+164
 3.05431e+164
 -2.81812e+164
 2.50147e+164
 -2.11829e+164
 1.70991e+164
 -1.33944e+164
 1.08011e+164
 -1.00079e+164
 1.15184e+164
 -1.55486e+164
 2.19827e+164
 -3.03937e+164
 4.01173e+164
 -5.03553e+164
 6.02811e+164
 -6.91241e+164
 7.62219e+164
 -8.10425e+164
 8.31913e+164
 -8.24161e+164
 7.86258e+164
 -7.19188e+164
 6.26136e+164
 -5.12613e+164
 3.86238e+164
 -2.56094e+164
 1.3171e+164
 -2.18528e+163
 -6.66057e+163
 1.29484e+164
 -1.65562e+164
 1.76291e+164
 -1.65023e+164
 1.36006e+164
 -9.33968e+163
 4.05665e+163
 2.01358e+163
 -8.7139e+163
 1.59037e+164
 -2.3384e+164
 3.08361e+164
 -3.77968e+164
 4.36809e+164
 -4.78485e+164
 4.97003e+164
 -4.87777e+164
 4.4847e+164
 -3.79514e+164
 2.84257e+164
 -1.68777e+164
 4.14267e+163
 8.78284e+163
 -2.08217e+164
 3.0909e+164
 -3.8092e+164
 4.1629e+164
 -4.10752e+164
 3.63415e+164
 -2.77135e+164
 1.58233e+164
 -1.57776e+163
 -1.39481e+164
 2.9635e+164
 -4.44401e+164
 5.74969e+164
 -6.81786e+164
 7.61187e+164
 -8.11908e+164
 8.34545e+164
 -8.30861e+164
 8.03117e+164
 -7.5359e+164
 6.84413e+164
 -5.97733e+164
 4.961e+164
 -3.82917e+164
 2.62749e+164
 -1.41331e+164
 2.52027e+163
 7.89788e+163
 -1.65304e+164
 2.29442e+164
 -2.69251e+164
 2.85034e+164
 -2.79409e+164
 2.56854e+164
 -2.23047e+164
 1.84134e+164
 -1.46057e+164
 1.14005e+164
 -9.20275e+163
 8.27816e+163
 -8.74083e+163
 1.05499e+164
 -1.35144e+164
 1.73076e+164
 -2.14905e+164
 2.55484e+164
 -2.89388e+164
 3.11484e+164
 -3.17524e+164
 3.04655e+164
 -2.71751e+164
 2.19462e+164
 -1.4998e+164
 6.65857e+163
 2.68805e+163
 -1.26433e+164
 2.28101e+164
 -3.27792e+164
 4.20946e+164
 -5.02202e+164
 5.65342e+164
 -6.03708e+164
 6.11161e+164
 -5.8344e+164
 5.1959e+164
 -4.23054e+164
 3.02047e+164
 -1.68999e+164
 3.90737e+163
 7.19619e+163
 -1.50118e+164
 1.85317e+164
 -1.7288e+164
 1.14127e+164
 -1.60337e+163
 -1.099e+164
 2.49302e+164
 -3.86781e+164
 5.07675e+164
 -5.99505e+164
 6.53018e+164
 -6.62835e+164
 6.27756e+164
 -5.50799e+164
 4.38995e+164
 -3.0292e+164
 1.55886e+164
 -1.27334e+163
 -1.11784e+164
 2.04904e+164
 -2.57792e+164
 2.67153e+164
 -2.36128e+164
 1.74176e+164
 -9.58249e+163
 1.84293e+163
 4.06882e+163
 -6.71542e+163
 5.19432e+163
 7.21796e+162
 -1.05683e+164
 2.32927e+164
 -3.74496e+164
 5.14438e+164
 -6.37699e+164
 7.32092e+164
 -7.89573e+164
 8.06759e+164
 -7.84778e+164
 7.28645e+164
 -6.46372e+164
 5.4801e+164
 -4.4469e+164
 3.47719e+164
 -2.67673e+164
 2.13498e+164
 -1.91614e+164
 2.05128e+164
 -2.53289e+164
 3.31348e+164
 -4.3094e+164
 5.40994e+164
 -6.49076e+164
 7.42946e+164
 -8.12054e+164
 8.48723e+164
 -8.48811e+164
 8.11822e+164
 -7.40526e+164
 6.4027e+164
 -5.18193e+164
 3.82522e+164
 -2.42057e+164
 1.05804e+164
 1.73366e+163
 -1.19001e+164
 1.92022e+164
 -2.3134e+164
 2.35047e+164
 -2.05279e+164
 1.48663e+164
 -7.60113e+163
 1.15494e+162
 6.09745e+163
 -9.66834e+163
 9.5777e+163
 -5.32433e+163
 -3.00026e+163
 1.47427e+164
 -2.88084e+164
 4.38364e+164
 -5.83872e+164
 7.11079e+164
 -8.08588e+164
 8.6802e+164
 -8.84609e+164
 8.57637e+164
 -7.90693e+164
 6.91653e+164
 -5.72186e+164
 4.4662e+164
 -3.30182e+164
 2.3677e+164
 -1.76694e+164
 1.54832e+164
 -1.69683e+164
 2.13566e+164
 -2.73986e+164
 3.35909e+164
 -3.84484e+164
 4.07659e+164
 -3.98174e+164
 3.54556e+164
 -2.80964e+164
 1.85971e+164
 -8.06011e+163
 -2.3905e+163
 1.18073e+164
 -1.95489e+164
 2.53154e+164
 -2.9094e+164
 3.10436e+164
 -3.13676e+164
 3.02229e+164
 -2.77005e+164
 2.3882e+164
 -1.89451e+164
 1.32702e+164
 -7.49231e+163
 2.45963e+163
 9.09336e+162
 -1.84066e+163
 -6.69276e+161
 4.67164e+163
 -1.12359e+164
 1.8521e+164
 -2.50157e+164
 2.92481e+164
 -3.01033e+164
 2.70662e+164
 -2.0331e+164
 1.07544e+164
 3.2767e+162
 -1.13663e+164
 2.0878e+164
 -2.76702e+164
 3.09741e+164
 -3.04759e+164
 2.62697e+164
 -1.87696e+164
 8.62386e+163
 3.34843e+163
 -1.61915e+164
 2.88368e+164
 -4.01405e+164
 4.89553e+164
 -5.4242e+164
 5.52071e+164
 -5.14362e+164
 4.29899e+164
 -3.043e+164
 1.47654e+164
 2.67827e+163
 -2.04385e+164
 3.7108e+164
 -5.15014e+164
 6.2765e+164
 -7.04187e+164
 7.43334e+164
 -7.46667e+164
 7.17814e+164
 -6.61757e+164
 5.84366e+164
 -4.922e+164
 3.9244e+164
 -2.92779e+164
 2.01083e+164
 -1.24731e+164
 6.96786e+163
 -3.9393e+163
 3.39414e+163
 -4.95007e+163
 7.85153e+163
 -1.10589e+164
 1.34021e+164
 -1.37736e+164
 1.13223e+164
 -5.60917e+163
 -3.30932e+163
 1.48864e+164
 -2.81759e+164
 4.19865e+164
 -5.50647e+164
 6.62696e+164
 -7.47102e+164
 7.98295e+164
 -8.14339e+164
 7.96785e+164
 -7.50224e+164
 6.81667e+164
 -5.99828e+164
 5.14332e+164
 -4.34838e+164
 3.70083e+164
 -3.26892e+164
 3.09228e+164
 -3.17441e+164
 3.47853e+164
 -3.92826e+164
 4.41414e+164
 -4.80574e+164
 4.96848e+164
 -4.78285e+164
 4.1631e+164
 -3.0721e+164
 1.52979e+164
 3.86685e+163
 -2.55101e+164
 4.80292e+164
 -6.96792e+164
 8.87845e+164
 -1.03936e+165
 1.14148e+165
 -1.18959e+165
 1.18472e+165
 -1.13327e+165
 1.04622e+165
 -9.37765e+164
 8.23664e+164
 -7.19373e+164
 6.3819e+164
 -5.89676e+164
 5.78547e+164
 -6.04232e+164
 6.61181e+164
 -7.39869e+164
 8.28342e+164
 -9.14022e+164
 9.85457e+164
 -1.03371e+165
 1.05312e+165
 -1.04149e+165
 9.99576e+164
 -9.30297e+164
 8.37891e+164
 -7.27266e+164
 6.03738e+164
 -4.73129e+164
 3.42013e+164
 -2.17818e+164
 1.08489e+164
 -2.15955e+163
 -3.70472e+163
 6.48944e+163
 -6.38665e+163
 4.07531e+163
 -6.5407e+162
 -2.53258e+163
 4.14138e+163
 -3.09277e+163
 -1.21635e+163
 8.80273e+163
 -1.91146e+164
 3.11669e+164
 -4.37528e+164
 5.56747e+164
 -6.59382e+164
 7.38728e+164
 -7.91682e+164
 8.1841e+164
 -8.21626e+164
 8.05795e+164
 -7.76475e+164
 7.39845e+164
 -7.02336e+164
 6.70212e+164
 -6.48976e+164
 6.42619e+164
 -6.52808e+164
 6.78245e+164
 -7.14404e+164
 7.53818e+164
 -7.86907e+164
 8.03259e+164
 -7.93103e+164
 7.48698e+164
 -6.65402e+164
 5.42235e+164
 -3.81911e+164
 1.90419e+164
 2.36929e+163
 -2.50135e+164
 4.77648e+164
 -6.94661e+164
 8.89833e+164
 -1.0526e+165
 1.17383e+165
 -1.2466e+165
 1.26724e+165
 -1.23619e+165
 1.15873e+165
 -1.04505e+165
 9.0952e+164
 -7.69188e+164
 6.41511e+164
 -5.41898e+164
 4.81478e+164
 -4.65637e+164
 4.93637e+164
 -5.59368e+164
 6.52974e+164
 -7.62868e+164
 8.7761e+164
 -9.87207e+164
 1.08367e+165
 -1.16089e+165
 1.21427e+165
 -1.24026e+165
 1.23647e+165
 -1.20201e+165
 1.13825e+165
 -1.04942e+165
 9.42841e+164
 -8.28302e+164
 7.16808e+164
 -6.18718e+164
 5.41784e+164
 -4.89564e+164
 4.60608e+164
 -4.48632e+164
 4.43671e+164
 -4.33943e+164
 4.08047e+164
 -3.57058e+164
 2.76122e+164
 -1.65286e+164
 2.94674e+163
 1.22389e+164
 -2.78747e+164
 4.2719e+164
 -5.56068e+164
 6.55783e+164
 -7.19569e+164
 7.43749e+164
 -7.27632e+164
 6.73289e+164
 -5.85386e+164
 4.71164e+164
 -3.40466e+164
 2.0559e+164
 -8.07048e+163
 -1.93465e+163
 8.08092e+163
 -9.30901e+163
 5.06868e+163
 4.55282e+163
 -1.88057e+164
 3.63709e+164
 -5.55549e+164
 7.45434e+164
 -9.16566e+164
 1.05551e+165
 -1.15329e+165
 1.20557e+165
 -1.21198e+165
 1.17513e+165
 -1.09955e+165
 9.91085e+164
 -8.56523e+164
 7.0361e+164
 -5.40992e+164
 3.77886e+164
 -2.2334e+164
 8.51312e+163
 3.1415e+163
 -1.24343e+164
 1.95362e+164
 -2.49342e+164
 2.93069e+164
 -3.33528e+164
 3.7617e+164
 -4.23599e+164
 4.75038e+164
 -5.26644e+164
 5.7256e+164
 -6.06307e+164
 6.22125e+164
 -6.15894e+164
 5.8548e+164
 -5.30597e+164
 4.52436e+164
 -3.53381e+164
 2.37035e+164
 -1.08566e+164
 -2.48527e+163
 1.53872e+164
 -2.67432e+164
 3.5404e+164
 -4.03773e+164
 4.10578e+164
 -3.74284e+164
 3.01704e+164
 -2.06388e+164
 1.0692e+164
 -2.40428e+163
 -2.28431e+163
 1.90349e+163
 4.29457e+163
 -1.6217e+164
 3.29651e+164
 -5.30054e+164
 7.44351e+164
 -9.52771e+164
 1.13747e+165
 -1.28443e+165
 1.38435e+165
 -1.43266e+165
 1.42886e+165
 -1.37564e+165
 1.27818e+165
 -1.14383e+165
 9.82087e+164
 -8.04682e+164
 6.25451e+164
 -4.59628e+164
 3.22492e+164
 -2.27492e+164
 1.84256e+164
 -1.96969e+164
 2.63588e+164
 -3.76125e+164
 5.21937e+164
 -6.85678e+164
 8.51427e+164
 -1.00449e+165
 1.1326e+165
 -1.2264e+165
 1.27952e+165
 -1.2884e+165
 1.25236e+165
 -1.17381e+165
 1.05867e+165
 -9.16574e+164
 7.60617e+164
 -6.06252e+164
 4.69415e+164
 -3.64096e+164
 2.99865e+164
 -2.79944e+164
 3.00369e+164
 -3.50485e+164
 4.14761e+164
 -4.75526e+164
 5.1604e+164
 -5.23245e+164
 4.89641e+164
 -4.14006e+164
 3.00944e+164
 -1.5955e+164
 1.64845e+162
 1.59951e+164
 -3.12799e+164
 4.45623e+164
 -5.48699e+164
 6.14017e+164
 -6.35523e+164
 6.09624e+164
 -5.35971e+164
 4.18299e+164
 -2.65005e+164
 8.90913e+163
 9.27487e+163
 -2.61926e+164
 4.00401e+164
 -4.93348e+164
 5.31547e+164
 -5.13001e+164
 4.43465e+164
 -3.3576e+164
 2.07982e+164
 -8.09094e+163
 -2.49487e+163
 9.21793e+163
 -1.08733e+164
 6.93241e+163
 2.41719e+163
 -1.63249e+164
 3.34042e+164
 -5.1904e+164
 6.98998e+164
 -8.54829e+164
 9.694e+164
 -1.02916e+165
 1.02557e+165
 -9.56175e+164
 8.25211e+164
 -6.43448e+164
 4.27208e+164
 -1.96538e+164
 -2.72104e+163
 2.24009e+164
 -3.77495e+164
 4.76627e+164
 -5.16407e+164
 4.97696e+164
 -4.26322e+164
 3.11845e+164
 -1.6632e+164
 3.27763e+162
 1.63011e+164
 -3.18122e+164
 4.481e+164
 -5.40337e+164
 5.84737e+164
 -5.75098e+164
 5.10379e+164
 -3.95511e+164
 2.41374e+164
 -6.37591e+163
 -1.18654e+164
 2.86987e+164
 -4.25036e+164
 5.21752e+164
 -5.72814e+164
 5.80994e+164
 -5.55255e+164
 5.0882e+164
 -4.56638e+164
 4.12799e+164
 -3.88384e+164
 3.90089e+164
 -4.19762e+164
 4.74735e+164
 -5.48693e+164
 6.3279e+164
 -7.16749e+164
 7.89839e+164
 -8.4175e+164
 8.63467e+164
 -8.4823e+164
 7.92589e+164
 -6.97365e+164
 5.68279e+164
 -4.15913e+164
 2.54797e+164
 -1.01606e+164
 -2.73337e+163
 1.18765e+164
 -1.64919e+164
 1.651e+164
 -1.2606e+164
 6.10792e+163
 1.21127e+163
 -7.41484e+163
 1.07051e+164
 -9.69233e+163
 3.5857e+163
 7.71933e+163
 -2.36612e+164
 4.31224e+164
 -6.45983e+164
 8.63864e+164
 -1.06764e+165
 1.24131e+165
 -1.37115e+165
 1.44647e+165
 -1.46017e+165
 1.40945e+165
 -1.29638e+165
 1.1285e+165
 -9.18975e+164
 6.86057e+164
 -4.51672e+164
 2.39058e+164
 -6.98032e+163
 -3.91913e+163
 7.82038e+163
 -4.6055e+163
 -4.99473e+163
 1.95433e+164
 -3.71376e+164
 5.56875e+164
 -7.31719e+164
 8.78279e+164
 -9.82614e+164
 1.0349e+165
 -1.02955e+165
 9.65207e+164
 -8.44994e+164
 6.76705e+164
 -4.72828e+164
 2.50004e+164
 -2.76658e+163
 -1.74151e+164
 3.37574e+164
 -4.49731e+164
 5.05037e+164
 -5.06383e+164
 4.64885e+164
 -3.98136e+164
 3.27274e+164
 -2.73385e+164
 2.53957e+164
 -2.80039e+164
 3.54649e+164
 -4.72661e+164
 6.22117e+164
 -7.8657e+164
 9.479e+164
 -1.08895e+165
 1.19554e+165
 -1.25752e+165
 1.26907e+165
 -1.22841e+165
 1.1374e+165
 -1.00125e+165
 8.28482e+164
 -6.30999e+164
 4.23782e+164
 -2.24024e+164
 4.94228e+163
 8.42359e+163
 -1.65805e+164
 1.91194e+164
 -1.64843e+164
 9.97486e+163
 -1.58762e+163
 -6.2842e+163
 1.12388e+164
 -1.12658e+164
 5.07934e+163
 7.67778e+163
 -2.63913e+164
 4.95899e+164
 -7.51808e+164
 1.00748e+165
 -1.2386e+165
 1.4233e+165
 -1.54422e+165
 1.58983e+165
 -1.55524e+165
 1.44259e+165
 -1.26109e+165
 1.02658e+165
 -7.60489e+164
 4.88059e+164
 -2.35816e+164
 2.85904e+163
 1.13518e+164
 -1.77649e+164
 1.59667e+164
 -6.43196e+163
 -9.59254e+163
 3.03049e+164
 -5.36141e+164
 7.73962e+164
 -9.96958e+164
 1.18851e+165
 -1.33545e+165
 1.42817e+165
 -1.46064e+165
 1.43058e+165
 -1.33993e+165
 1.1955e+165
 -1.00928e+165
 7.98193e+164
 -5.82933e+164
 3.8571e+164
 -2.27281e+164
 1.2368e+164
 -8.33276e+163
 1.05199e+164
 -1.78512e+164
 2.84128e+164
 -3.97481e+164
 4.92541e+164
 -5.46068e+164
 5.41391e+164
 -4.70996e+164
 3.37501e+164
 -1.52891e+164
 -6.37433e+163
 2.89426e+164
 -5.00794e+164
 6.77213e+164
 -8.03031e+164
 8.68768e+164
 -8.71346e+164
 8.13635e+164
 -7.03654e+164
 5.53657e+164
 -3.79164e+164
 1.97826e+164
 -2.7967e+163
 -1.1328e+164
 2.1215e+164
 -2.60404e+164
 2.57015e+164
 -2.08892e+164
 1.30316e+164
 -4.10518e+163
 -3.65926e+163
 8.1227e+163
 -7.56832e+163
 9.55503e+162
 1.19439e+164
 -3.05389e+164
 5.35261e+164
 -7.90726e+164
 1.05033e+165
 -1.29163e+165
 1.49314e+165
 -1.63594e+165
 1.70523e+165
 -1.69161e+165
 1.59239e+165
 -1.41252e+165
 1.16491e+165
 -8.69961e+164
 5.53879e+164
 -2.45976e+164
 -2.47983e+163
 2.33533e+164
 -3.62546e+164
 4.03497e+164
 -3.58017e+164
 2.36817e+164
 -5.75472e+163
 -1.58079e+164
 3.87286e+164
 -6.08858e+164
 8.05041e+164
 -9.62661e+164
 1.07355e+165
 -1.13449e+165
 1.14688e+165
 -1.11617e+165
 1.0512e+165
 -9.63233e+164
 8.6478e+164
 -7.68125e+164
 6.83776e+164
 -6.19018e+164
 5.76838e+164
 -5.55476e+164
 5.48718e+164
 -5.46945e+164
 5.38749e+164
 -5.12855e+164
 4.59995e+164
 -3.74389e+164
 2.54616e+164
 -1.03753e+164
 -7.11242e+163
 2.59904e+164
 -4.50585e+164
 6.30363e+164
 -7.8652e+164
 9.07101e+164
 -9.81481e+164
 1.001e+165
 -9.59779e+164
 8.55702e+164
 -6.91402e+164
 4.74958e+164
 -2.19992e+164
 -5.50624e+163
 3.2856e+164
 -5.77906e+164
 7.82136e+164
 -9.24342e+164
 9.93544e+164
 -9.85728e+164
 9.03965e+164
 -7.57724e+164
 5.61598e+164
 -3.33716e+164
 9.4059e+163
 1.37196e+164
 -3.41266e+164
 5.02318e+164
 -6.08951e+164
 6.55526e+164
 -6.43097e+164
 5.79672e+164
 -4.79547e+164
 3.61583e+164
 -2.46587e+164
 1.54128e+164
 -9.93905e+163
 9.06469e+163
 -1.27876e+164
 2.02801e+164
 -3.00336e+164
 4.01141e+164
 -4.84793e+164
 5.32975e+164
 -5.32162e+164
 4.75375e+164
 -3.62824e+164
 2.01478e+164
 -3.77097e+162
 -2.14178e+164
 4.34465e+164
 -6.39108e+164
 8.114e+164
 -9.3693e+164
 1.00441e+165
 -1.00646e+165
 9.40494e+164
 -8.09615e+164
 6.23235e+164
 -3.97153e+164
 1.52679e+164
 8.53527e+163
 -2.91578e+164
 4.4371e+164
 -5.26094e+164
 5.32472e+164
 -4.67297e+164
 3.45228e+164
 -1.88792e+164
 2.46647e+163
 1.20733e+164
 -2.25421e+164
 2.75026e+164
 -2.64359e+164
 1.97243e+164
 -8.48171e+163
 -5.70991e+163
 2.10875e+164
 -3.59499e+164
 4.88154e+164
 -5.84875e+164
 6.40563e+164
 -6.48804e+164
 6.0596e+164
 -5.1175e+164
 3.70198e+164
 -1.90555e+164
 -1.24034e+163
 2.19178e+164
 -4.07597e+164
 5.55884e+164
 -6.46076e+164
 6.66979e+164
 -6.15917e+164
 4.98834e+164
 -3.28819e+164
 1.23495e+164
 9.79779e+163
 -3.17566e+164
 5.20169e+164
 -6.9443e+164
 8.32726e+164
 -9.30743e+164
 9.87057e+164
 -1.00296e+165
 9.82551e+164
 -9.32815e+164
 8.63451e+164
 -7.86081e+164
 7.12819e+164
 -6.54357e+164
 6.17955e+164
 -6.05852e+164
 6.14524e+164
 -6.35079e+164
 6.54767e+164
 -6.59321e+164
 6.3562e+164
 -5.74109e+164
 4.7046e+164
 -3.26198e+164
 1.48249e+164
 5.23341e+163
 -2.62072e+164
 4.66746e+164
 -6.52745e+164
 8.07927e+164
 -9.22096e+164
 9.87315e+164
 -9.98313e+164
 9.53126e+164
 -8.53925e+164
 7.07772e+164
 -5.26927e+164
 3.28341e+164
 -1.32164e+164
 -4.06794e+163
 1.71456e+164
 -2.46591e+164
 2.59995e+164
 -2.14234e+164
 1.20223e+164
 4.51466e+162
 -1.3874e+164
 2.60965e+164
 -3.52825e+164
 4.01714e+164
 -4.02214e+164
 3.56132e+164
 -2.71297e+164
 1.59524e+164
 -3.43223e+163
 -9.11006e+163
 2.05192e+164
 -2.98673e+164
 3.64618e+164
 -3.98357e+164
 3.97546e+164
 -3.62563e+164
 2.97155e+164
 -2.09009e+164
 1.09793e+164
 -1.43551e+163
 -6.10644e+163
 1.01335e+164
 -9.51566e+163
 3.73125e+163
 7.013e+163
 -2.18016e+164
 3.91642e+164
 -5.73232e+164
 7.44704e+164
 -8.90071e+164
 9.97013e+164
 -1.05748e+165
 1.06751e+165
 -1.02674e+165
 9.37867e+164
 -8.06548e+164
 6.41467e+164
 -4.54484e+164
 2.60383e+164
 -7.59254e+163
 -8.18821e+163
 1.98114e+164
 -2.62412e+164
 2.71054e+164
 -2.28112e+164
 1.4533e+164
 -4.06884e+163
 -6.41514e+163
 1.47054e+164
 -1.88693e+164
 1.75301e+164
 -1.00444e+164
 -3.44634e+163
 2.20823e+164
 -4.44455e+164
 6.87657e+164
 -9.31283e+164
 1.15648e+165
 -1.34599e+165
 1.48503e+165
 -1.56207e+165
 1.56964e+165
 -1.50525e+165
 1.37225e+165
 -1.18037e+165
 9.45434e+164
 -6.88179e+164
 4.31876e+164
 -1.99255e+164
 9.13921e+162
 1.2651e+164
 -2.04505e+164
 2.30863e+164
 -2.19637e+164
 1.90328e+164
 -1.644e+164
 1.61556e+164
 -1.96472e+164
 2.76559e+164
 -4.01074e+164
 5.61604e+164
 -7.43665e+164
 9.28991e+164
 -1.09803e+165
 1.23224e+165
 -1.316e+165
 1.33799e+165
 -1.29215e+165
 1.17834e+165
 -1.00259e+165
 7.76942e+164
 -5.18851e+164
 2.49814e+164
 6.56493e+162
 -2.27047e+164
 3.91395e+164
 -4.84781e+164
 4.99527e+164
 -4.35879e+164
 3.01674e+164
 -1.11014e+164
 -1.17756e+164
 3.64357e+164
 -6.08744e+164
 8.32826e+164
 -1.0216e+165
 1.16377e+165
 -1.25199e+165
 1.28298e+165
 -1.25761e+165
 1.181e+165
 -1.06238e+165
 9.1461e+164
 -7.53127e+164
 5.94274e+164
 -4.53173e+164
 3.41466e+164
 -2.65378e+164
 2.2454e+164
 -2.1192e+164
 2.14973e+164
 -2.17872e+164
 2.04425e+164
 -1.61121e+164
 7.96826e+163
 4.13653e+163
 -1.96416e+164
 3.73765e+164
 -5.57582e+164
 7.30361e+164
 -8.75344e+164
 9.78472e+164
 -1.02967e+165
 1.02345e+165
 -9.59104e+164
 8.40614e+164
 -6.7652e+164
 4.7968e+164
 -2.66758e+164
 5.72032e+163
 1.2846e+164
 -2.71004e+164
 3.55249e+164
 -3.72711e+164
 3.23545e+164
 -2.17263e+164
 7.1931e+163
 8.81595e+163
 -2.35968e+164
 3.45737e+164
 -3.96837e+164
 3.76728e+164
 -2.82552e+164
 1.21142e+164
 9.24009e+163
 -3.37181e+164
 5.89469e+164
 -8.25596e+164
 1.02436e+165
 -1.16876e+165
 1.24703e+165
 -1.25323e+165
 1.18752e+165
 -1.0562e+165
 8.71584e+164
 -6.51478e+164
 4.18001e+164
 -1.95717e+164
 9.07581e+162
 1.20534e+164
 -1.77629e+164
 1.54818e+164
 -5.38607e+163
 -1.14655e+164
 3.32947e+164
 -5.78632e+164
 8.27715e+164
 -1.05737e+165
 1.24809e+165
 -1.38491e+165
 1.45795e+165
 -1.46232e+165
 1.39793e+165
 -1.26938e+165
 1.08587e+165
 -8.6108e+164
 6.12622e+164
 -3.60776e+164
 1.26457e+164
 7.14577e+163
 -2.18976e+164
 3.09391e+164
 -3.44634e+164
 3.35145e+164
 -2.98154e+164
 2.54653e+164
 -2.25631e+164
 2.28366e+164
 -2.7351e+164
 3.63539e+164
 -4.92789e+164
 6.48908e+164
 -8.15278e+164
 9.73749e+164
 -1.10713e+165
 1.201e+165
 -1.24479e+165
 1.23218e+165
 -1.16127e+165
 1.03458e+165
 -8.59207e+164
 6.46862e+164
 -4.13628e+164
 1.79013e+164
 3.58649e+163
 -2.109e+164
 3.30104e+164
 -3.8456e+164
 3.74538e+164
 -3.10157e+164
 2.10286e+164
 -9.97337e+163
 5.21411e+162
 4.91408e+163
 -4.58156e+163
 -2.33206e+163
 1.56034e+164
 -3.40641e+164
 5.58492e+164
 -7.87348e+164
 1.00486e+165
 -1.19142e+165
 1.33192e+165
 -1.41638e+165
 1.43971e+165
 -1.40103e+165
 1.30315e+165
 -1.15228e+165
 9.58184e+164
 -7.34315e+164
 4.9767e+164
 -2.67908e+164
 6.56611e+163
 8.98138e+163
 -1.83207e+164
 2.05389e+164
 -1.5479e+164
 3.7618e+163
 1.33103e+164
 -3.39383e+164
 5.60573e+164
 -7.75648e+164
 9.65118e+164
 -1.11244e+165
 1.20502e+165
 -1.23491e+165
 1.1995e+165
 -1.10203e+165
 9.51923e+164
 -7.64528e+164
 5.60019e+164
 -3.6127e+164
 1.90863e+164
 -6.76203e+163
 3.33565e+162
 -4.16722e+161
 5.10447e+163
 -1.3816e+164
 2.38192e+164
 -3.25046e+164
 3.74578e+164
 -3.68658e+164
 2.98025e+164
 -1.63404e+164
 -2.52072e+163
 2.50775e+164
 -4.92369e+164
 7.28427e+164
 -9.39472e+164
 1.10988e+165
 -1.22866e+165
 1.28941e+165
 -1.29002e+165
 1.23241e+165
 -1.12242e+165
 9.7e+164
 -7.89195e+164
 5.97639e+164
 -4.15286e+164
 2.62328e+164
 -1.56592e+164
 1.10931e+164
 -1.31198e+164
 2.15341e+164
 -3.53815e+164
 5.31231e+164
 -7.288e+164
 9.26979e+164
 -1.10773e+165
 1.256e+165
 -1.3604e+165
 1.41317e+165
 -1.41002e+165
 1.35007e+165
 -1.23616e+165
 1.07538e+165
 -8.7949e+164
 6.64739e+164
 -4.50658e+164
 2.57796e+164
 -1.04665e+164
 4.5021e+162
 3.73661e+163
 -2.48627e+163
 -2.92145e+163
 1.05281e+164
 -1.80354e+164
 2.32034e+164
 -2.42241e+164
 1.99993e+164
 -1.02745e+164
 -4.37981e+163
 2.27189e+164
 -4.30553e+164
 6.35148e+164
 -8.2268e+164
 9.77038e+164
 -1.08543e+165
 1.13905e+165
 -1.13345e+165
 1.069e+165
 -9.51145e+164
 7.90602e+164
 -6.03019e+164
 4.07855e+164
 -2.26362e+164
 7.87848e+163
 1.87873e+163
 -5.731e+163
 3.6742e+163
 3.34405e+163
 -1.35402e+164
 2.45641e+164
 -3.38754e+164
 3.91557e+164
 -3.868e+164
 3.15805e+164
 -1.79585e+164
 -1.16515e+163
 2.40404e+164
 -4.84698e+164
 7.21215e+164
 -9.28136e+164
 1.08729e+165
 -1.18547e+165
 1.21492e+165
 -1.17343e+165
 1.06423e+165
 -8.95771e+164
 6.81675e+164
 -4.40284e+164
 1.9375e+164
 3.36868e+163
 -2.18202e+164
 3.39399e+164
 -3.83276e+164
 3.4448e+164
 -2.27297e+164
 4.50679e+163
 1.81849e+164
 -4.29125e+164
 6.71829e+164
 -8.87435e+164
 1.05796e+165
 -1.17108e+165
 1.22035e+165
 -1.20485e+165
 1.1287e+165
 -1.00061e+165
 8.33532e+164
 -6.44107e+164
 4.51715e+164
 -2.76831e+164
 1.38709e+164
 -5.2661e+163
 2.74453e+163
 -6.3363e+163
 1.51598e+164
 -2.75086e+164
 4.10869e+164
 -5.33547e+164
 6.19188e+164
 -6.48971e+164
 6.11857e+164
 -5.05872e+164
 3.37853e+164
 -1.21852e+164
 -1.23323e+164
 3.76861e+164
 -6.18439e+164
 8.30079e+164
 -9.97266e+164
 1.10947e+165
 -1.16031e+165
 1.14773e+165
 -1.07425e+165
 9.47209e+164
 -7.78866e+164
 5.85866e+164
 -3.87897e+164
 2.05455e+164
 -5.69761e+163
 -4.41585e+163
 9.20877e+163
 -8.97768e+163
 4.87709e+163
 1.26701e+163
 -7.27349e+163
 1.09903e+164
 -1.06689e+164
 5.25376e+163
 5.46424e+163
 -2.08528e+164
 3.95837e+164
 -5.98751e+164
 7.97694e+164
 -9.73896e+164
 1.11133e+165
 -1.19791e+165
 1.226e+165
 -1.19253e+165
 1.09909e+165
 -9.51942e+164
 7.62105e+164
 -5.45181e+164
 3.20642e+164
 -1.10346e+164
 -6.37155e+163
 1.82195e+164
 -2.31179e+164
 2.04385e+164
 -1.04252e+164
 -5.83755e+163
 2.659e+164
 -4.96572e+164
 7.27439e+164
 -9.37017e+164
 1.10723e+165
 -1.22446e+165
 1.27984e+165
 -1.26915e+165
 1.19272e+165
 -1.05554e+165
 8.67525e+164
 -6.43714e+164
 4.03866e+164
 -1.71117e+164
 -3.04593e+163
 1.79182e+164
 -2.59379e+164
 2.64506e+164
 -1.98945e+164
 7.79175e+163
 7.46509e+163
 -2.29965e+164
 3.59154e+164
 -4.38036e+164
 4.50882e+164
 -3.92475e+164
 2.68205e+164
 -9.23651e+163
 -1.14752e+164
 3.30199e+164
 -5.31449e+164
 6.98695e+164
 -8.16236e+164
 8.73098e+164
 -8.6324e+164
 7.85671e+164
 -6.44655e+164
 4.49933e+164
 -2.16673e+164
 -3.52206e+163
 2.8271e+164
 -5.02174e+164
 6.72634e+164
 -7.79089e+164
 8.1526e+164
 -7.85083e+164
 7.025e+164
 -5.89459e+164
 4.72415e+164
 -3.77981e+164
 3.28539e+164
 -3.3867e+164
 4.13037e+164
 -5.46074e+164
 7.23378e+164
 -9.24421e+164
 1.1259e+165
 -1.30506e+165
 1.44234e+165
 -1.52322e+165
 1.53902e+165
 -1.48705e+165
 1.37039e+165
 -1.19747e+165
 9.81575e+164
 -7.40179e+164
 4.93849e+164
 -2.64584e+164
 7.35934e+163
 6.12633e+163
 -1.27888e+164
 1.21681e+164
 -4.61549e+163
 -8.77797e+163
 2.63688e+164
 -4.62203e+164
 6.63709e+164
 -8.50513e+164
 1.00817e+165
 -1.12587e+165
 1.19626e+165
 -1.21504e+165
 1.18084e+165
 -1.09555e+165
 9.64942e+164
 -7.99253e+164
 6.13146e+164
 -4.2466e+164
 2.53023e+164
 -1.15608e+164
 2.46762e+163
 1.53069e+163
 -9.01248e+162
 -3.01926e+163
 8.24958e+163
 -1.25263e+164
 1.37266e+164
 -1.02591e+164
 1.34136e+163
 1.28892e+164
 -3.1443e+164
 5.26928e+164
 -7.46749e+164
 9.54e+164
 -1.13109e+165
 1.26433e+165
 -1.34452e+165
 1.36678e+165
 -1.33008e+165
 1.23686e+165
 -1.09291e+165
 9.07649e+164
 -6.942e+164
 4.69147e+164
 -2.51434e+164
 6.04082e+163
 8.68065e+163
 -1.78121e+164
 2.08826e+164
 -1.82878e+164
 1.12728e+164
 -1.76073e+163
 -7.94393e+163
 1.55233e+164
 -1.90125e+164
 1.70954e+164
 -9.27753e+163
 -4.08662e+163
 2.19018e+164
 -4.25373e+164
 6.40762e+164
 -8.45569e+164
 1.02168e+165
 -1.15388e+165
 1.23072e+165
 -1.24519e+165
 1.19524e+165
 -1.0844e+165
 9.22185e+164
 -7.2408e+164
 5.10708e+164
 -3.06019e+164
 1.34551e+164
 -1.81164e+163
 -2.74397e+163
 -5.24531e+162
 1.1385e+164
 -2.8674e+164
 5.0481e+164
 -7.44355e+164
 9.80342e+164
 -1.18941e+165
 1.35214e+165
 -1.45442e+165
 1.48795e+165
 -1.45025e+165
 1.34439e+165
 -1.1788e+165
 9.66904e+164
 -7.26659e+164
 4.79446e+164
 -2.48281e+164
 5.52454e+163
 8.1539e+163
 -1.50879e+164
 1.50762e+164
 -8.92939e+163
 -1.60344e+163
 1.40768e+164
 -2.57233e+164
 3.38921e+164
 -3.64705e+164
 3.22062e+164
 -2.08756e+164
 3.27218e+163
 1.89663e+164
 -4.36455e+164
 6.83481e+164
 -9.07482e+164
 1.08856e+165
 -1.21174e+165
 1.26769e+165
 -1.25293e+165
 1.16971e+165
 -1.02589e+165
 8.34698e+164
 -6.14119e+164
 3.85808e+164
 -1.73133e+164
 -1.51314e+162
 1.19875e+164
 -1.7089e+164
 1.52977e+164
 -7.49318e+163
 -4.49159e+163
 1.81291e+164
 -3.05896e+164
 3.9196e+164
 -4.18528e+164
 3.73692e+164
 -2.56169e+164
 7.50273e+163
 1.52232e+164
 -4.02716e+164
 6.5158e+164
 -8.75192e+164
 1.05353e+165
 -1.17165e+165
 1.22031e+165
 -1.19609e+165
 1.10134e+165
 -9.44071e+164
 7.37838e+164
 -5.01354e+164
 2.57474e+164
 -3.13865e+163
 -1.52004e+164
 2.71182e+164
 -3.11061e+164
 2.65304e+164
 -1.3739e+164
 -5.9863e+163
 3.062e+164
 -5.7685e+164
 8.45804e+164
 -1.0888e+165
 1.28556e+165
 -1.42102e+165
 1.48581e+165
 -1.47619e+165
 1.39384e+165
 -1.24576e+165
 1.04423e+165
 -8.06497e+164
 5.54021e+164
 -3.10731e+164
 1.00443e+164
 5.63759e+163
 -1.45914e+164
 1.63647e+164
 -1.15622e+164
 1.79701e+163
 1.05417e+164
 -2.26664e+164
 3.18449e+164
 -3.58399e+164
 3.32528e+164
 -2.3707e+164
 7.84978e+163
 1.28148e+164
 -3.62073e+164
 6.00016e+164
 -8.19315e+164
 1.00026e+165
 -1.12754e+165
 1.19091e+165
 -1.1854e+165
 1.11131e+165
 -9.74347e+164
 7.85686e+164
 -5.61844e+164
 3.23941e+164
 -9.61214e+163
 -9.69009e+163
 2.32898e+164
 -2.95248e+164
 2.75466e+164
 -1.74575e+164
 2.99643e+162
 2.21005e+164
 -4.7396e+164
 7.30327e+164
 -9.65492e+164
 1.15816e+165
 -1.29194e+165
 1.35608e+165
 -1.34576e+165
 1.26203e+165
 -1.11172e+165
 9.07258e+164
 -6.66121e+164
 4.09815e+164
 -1.62027e+164
 -5.39641e+163
 2.18362e+164
 -3.17884e+164
 3.48121e+164
 -3.14625e+164
 2.3237e+164
 -1.23558e+164
 1.4116e+163
 7.04904e+163
 -1.09307e+164
 8.90567e+163
 -5.84365e+162
 -1.34809e+164
 3.19456e+164
 -5.29278e+164
 7.43057e+164
 -9.39951e+164
 1.10163e+165
 -1.21364e+165
 1.26604e+165
 -1.25373e+165
 1.17658e+165
 -1.03961e+165
 8.53162e+164
 -6.32691e+164
 3.97929e+164
 -1.71157e+164
 -2.53986e+163
 1.72749e+164
 -2.58311e+164
 2.78379e+164
 -2.39263e+164
 1.56715e+164
 -5.36221e+163
 -4.36585e+163
 1.09638e+164
 -1.23865e+164
 7.41372e+163
 4.18389e+163
 -2.16527e+164
 4.34231e+164
 -6.73854e+164
 9.12069e+164
 -1.12629e+165
 1.29692e+165
 -1.40886e+165
 1.45211e+165
 -1.42217e+165
 1.32006e+165
 -1.15249e+165
 9.31961e+164
 -6.76423e+164
 4.08414e+164
 -1.5323e+164
 -6.37242e+163
 2.201e+164
 -2.9971e+164
 2.9491e+164
 -2.07719e+164
 4.94059e+163
 1.61327e+164
 -4.01142e+164
 6.45201e+164
 -8.7002e+164
 1.05559e+165
 -1.18663e+165
 1.2531e+165
 -1.25024e+165
 1.17859e+165
 -1.04398e+165
 8.57532e+164
 -6.35463e+164
 3.98181e+164
 -1.68568e+164
 -3.0622e+163
 1.7995e+164
 -2.66473e+164
 2.8623e+164
 -2.45393e+164
 1.59683e+164
 -5.2054e+163
 -5.1005e+163
 1.23836e+164
 -1.45805e+164
 1.04518e+164
 2.52552e+162
 -1.6805e+164
 3.76714e+164
 -6.07914e+164
 8.3899e+164
 -1.04819e+165
 1.21689e+165
 -1.33099e+165
 1.38146e+165
 -1.36447e+165
 1.28136e+165
 -1.13862e+165
 9.47874e+164
 -7.25556e+164
 4.92013e+164
 -2.69761e+164
 8.09106e+163
 5.59601e+163
 -1.28907e+164
 1.35025e+164
 -8.1519e+163
 -1.49248e+163
 1.30503e+164
 -2.38019e+164
 3.11284e+164
 -3.29356e+164
 2.79801e+164
 -1.60389e+164
 -2.10089e+163
 2.48161e+164
 -4.99352e+164
 7.50702e+164
 -9.79259e+164
 1.16536e+165
 -1.29407e+165
 1.35586e+165
 -1.34668e+165
 1.26795e+165
 -1.12651e+165
 9.34592e+164
 -7.09461e+164
 4.72597e+164
 -2.4801e+164
 5.97742e+163
 7.09541e+163
 -1.28907e+164
 1.07032e+164
 -7.63794e+162
 -1.57916e+164
 3.70927e+164
 -6.08055e+164
 8.44432e+164
 -1.05656e+165
 1.22452e+165
 -1.33337e+165
 1.37375e+165
 -1.34196e+165
 1.23996e+165
 -1.07526e+165
 8.60803e+164
 -6.1454e+164
 3.58421e+164
 -1.16512e+164
 -8.77189e+163
 2.34652e+164
 -3.11721e+164
 3.15884e+164
 -2.54695e+164
 1.45615e+164
 -1.35258e+163
 -1.13144e+164
 2.0698e+164
 -2.45945e+164
 2.16713e+164
 -1.16385e+164
 -4.76315e+163
 2.59409e+164
 -4.97413e+164
 7.37841e+164
 -9.57718e+164
 1.13724e+165
 -1.26123e+165
 1.31974e+165
 -1.30824e+165
 1.2276e+165
 -1.08406e+165
 8.89259e+164
 -6.59941e+164
 4.1702e+164
 -1.83829e+164
 -1.65296e+163
 1.64414e+164
 -2.46864e+164
 2.60117e+164
 -2.10768e+164
 1.1517e+164
 2.94484e+162
 -1.16238e+164
 1.9824e+164
 -2.27641e+164
 1.91595e+164
 -8.74166e+163
 -7.75195e+163
 2.87527e+164
 -5.21467e+164
 7.56036e+164
 -9.688e+164
 1.14052e+165
 -1.25654e+165
 1.30745e+165
 -1.28921e+165
 1.20312e+165
 -1.05587e+165
 8.59446e+164
 -6.30892e+164
 3.91446e+164
 -1.64881e+164
 -2.495e+163
 1.57069e+164
 -2.16309e+164
 1.956e+164
 -9.70841e+163
 -6.82136e+163
 2.82073e+164
 -5.21733e+164
 7.62923e+164
 -9.82653e+164
 1.16135e+165
 -1.28413e+165
 1.34137e+165
 -1.32885e+165
 1.24769e+165
 -1.10435e+165
 9.10651e+164
 -6.83386e+164
 4.43438e+164
 -2.13978e+164
 1.78135e+163
 1.25802e+164
 -2.04357e+164
 2.14542e+164
 -1.63358e+164
 6.74687e+163
 4.91991e+163
 -1.59248e+164
 2.36274e+164
 -2.59147e+164
 2.15288e+164
 -1.02351e+164
 -7.19086e+163
 2.91402e+164
 -5.34593e+164
 7.77812e+164
 -9.98322e+164
 1.17665e+165
 -1.29804e+165
 1.35302e+165
 -1.33761e+165
 1.2532e+165
 -1.10656e+165
 9.09745e+164
 -6.79725e+164
 4.3746e+164
 -2.06096e+164
 8.34355e+162
 1.36697e+164
 -2.16671e+164
 2.28391e+164
 -1.78905e+164
 8.48371e+163
 3.00185e+163
 -1.38462e+164
 2.14312e+164
 -2.36641e+164
 1.93004e+164
 -8.10873e+163
 -9.1432e+163
 3.08645e+164
 -5.49264e+164
 7.89891e+164
 -1.00803e+165
 1.1844e+165
 -1.30429e+165
 1.35824e+165
 -1.34213e+165
 1.25721e+165
 -1.11012e+165
 9.12853e+164
 -6.8251e+164
 4.40452e+164
 -2.10633e+164
 1.71354e+163
 1.18825e+164
 -1.81863e+164
 1.64748e+164
 -6.95326e+163
 -9.27716e+163
 3.03901e+164
 -5.41026e+164
 7.79811e+164
 -9.97241e+164
 1.17376e+165
 -1.29456e+165
 1.35013e+165
 -1.33633e+165
 1.25437e+165
 -1.11077e+165
 9.17291e+164
 -6.90613e+164
 4.51425e+164
 -2.22634e+164
 2.67571e+163
 1.17233e+164
 -1.9704e+164
 2.09458e+164
 -1.61438e+164
 6.9431e+163
 4.29962e+163
 -1.48906e+164
 2.22379e+164
 -2.42712e+164
 1.97614e+164
 -8.48276e+163
 -8.80284e+163
 3.05208e+164
 -5.45674e+164
 7.8633e+164
 -1.00499e+165
 1.1826e+165
 -1.30466e+165
 1.36171e+165
 -1.34953e+165
 1.26911e+165
 -1.12667e+165
 9.33636e+164
 -7.06449e+164
 4.65635e+164
 -2.34109e+164
 3.45659e+163
 1.13691e+164
 -1.97931e+164
 2.14489e+164
 -1.69909e+164
 8.03683e+163
 3.06668e+163
 -1.36171e+164
 2.09978e+164
 -2.31039e+164
 1.86688e+164
 -7.43467e+163
 -9.85816e+163
 3.16423e+164
 -5.58062e+164
 8.00191e+164
 -1.02031e+165
 1.19901e+165
 -1.32141e+165
 1.37774e+165
 -1.36359e+165
 1.2799e+165
 -1.13307e+165
 9.34977e+164
 -7.02745e+164
 4.57916e+164
 -2.24762e+164
 2.77595e+163
 1.11455e+164
 -1.7712e+164
 1.61721e+164
 -6.71601e+163
 -9.55628e+163
 3.08065e+164
 -5.47297e+164
 7.88643e+164
 -1.00879e+165
 1.18791e+165
 -1.31097e+165
 1.36832e+165
 -1.35575e+165
 1.27448e+165
 -1.13109e+165
 9.3746e+164
 -7.10427e+164
 4.70824e+164
 -2.41682e+164
 4.5581e+163
 9.85379e+163
 -1.78529e+164
 1.91462e+164
 -1.44673e+164
 5.50528e+163
 5.34272e+163
 -1.5356e+164
 2.1941e+164
 -2.30594e+164
 1.75519e+164
 -5.29703e+163
 -1.2816e+164
 3.50802e+164
 -5.92768e+164
 8.30204e+164
 -1.04073e+165
 1.20579e+165
 -1.31195e+165
 1.35138e+165
 -1.32178e+165
 1.22608e+165
 -1.07223e+165
 8.73054e+164
 -6.45852e+164
 4.11609e+164
 -1.93421e+164
 1.4192e+163
 1.06171e+164
 -1.53549e+164
 1.21794e+164
 -1.37791e+163
 -1.58945e+164
 3.77836e+164
 -6.19981e+164
 8.61092e+164
 -1.07827e+165
 1.25212e+165
 -1.36801e+165
 1.41662e+165
 -1.39405e+165
 1.30178e+165
 -1.14665e+165
 9.40769e+164
 -7.01238e+164
 4.49199e+164
 -2.08086e+164
 1.01016e+162
 1.52407e+164
 -2.39205e+164
 2.55565e+164
 -2.07972e+164
 1.12655e+164
 6.72299e+162
 -1.22761e+164
 2.08739e+164
 -2.42893e+164
 2.11756e+164
 -1.11946e+164
 -4.98203e+163
 2.58364e+164
 -4.92821e+164
 7.29908e+164
 -9.46987e+164
 1.12444e+165
 -1.24717e+165
 1.30525e+165
 -1.29411e+165
 1.21453e+165
 -1.07257e+165
 8.79543e+164
 -6.5173e+164
 4.09488e+164
 -1.7557e+164
 -2.74136e+163
 1.80103e+164
 -2.69517e+164
 2.91516e+164
 -2.51977e+164
 1.66275e+164
 -5.70503e+163
 -4.93922e+163
 1.27371e+164
 -1.55978e+164
 1.22302e+164
 -2.31445e+163
 -1.34974e+164
 3.37381e+164
 -5.6391e+164
 7.92e+164
 -9.9962e+164
 1.16757e+165
 -1.28095e+165
 1.32994e+165
 -1.31013e+165
 1.22259e+165
 -1.07401e+165
 8.76653e+164
 -6.4806e+164
 4.10079e+164
 -1.87103e+164
 3.50947e+162
 1.1939e+164
 -1.66336e+164
 1.3043e+164
 -1.42334e+163
 -1.70606e+164
 4.05104e+164
 -6.65661e+164
 9.27151e+164
 -1.16575e+165
 1.3611e+165
 -1.49758e+165
 1.56487e+165
 -1.5581e+165
 1.47779e+165
 -1.32994e+165
 1.12603e+165
 -8.82719e+164
 6.20966e+164
 -3.64289e+164
 1.36127e+164
 4.33516e+163
 -1.60445e+164
 2.10422e+164
 -1.98695e+164
 1.40283e+164
 -5.75282e+163
 -2.35637e+163
 7.76795e+163
 -8.43974e+163
 3.14191e+163
 8.37515e+163
 -2.53915e+164
 4.63892e+164
 -6.93339e+164
 9.19975e+164
 -1.12253e+165
 1.28298e+165
 -1.3878e+165
 1.42852e+165
 -1.40176e+165
 1.30912e+165
 -1.15717e+165
 9.57413e+164
 -7.26068e+164
 4.83215e+164
 -2.51128e+164
 5.17485e+163
 9.64103e+163
 -1.81346e+164
 1.99954e+164
 -1.59084e+164
 7.48854e+163
 2.95515e+163
 -1.27873e+164
 1.94764e+164
 -2.10038e+164
 1.61737e+164
 -4.7696e+163
 -1.24601e+164
 3.397e+164
 -5.76883e+164
 8.13267e+164
 -1.02667e+165
 1.19781e+165
 -1.3117e+165
 1.35838e+165
 -1.33314e+165
 1.23674e+165
 -1.07559e+165
 8.61802e+164
 -6.13059e+164
 3.51697e+164
 -1.02971e+164
 -1.07576e+164
 2.57286e+164
 -3.29534e+164
 3.16205e+164
 -2.18923e+164
 4.87728e+163
 1.75429e+164
 -4.29876e+164
 6.88926e+164
 -9.28049e+164
 1.12611e+165
 -1.26679e+165
 1.33928e+165
 -1.33852e+165
 1.26517e+165
 -1.12563e+165
 9.31973e+164
 -7.01468e+164
 4.5556e+164
 -2.17958e+164
 1.19112e+163
 1.43006e+164
 -2.34045e+164
 2.57669e+164
 -2.2057e+164
 1.38959e+164
 -3.61498e+163
 -6.11786e+163
 1.27337e+164
 -1.41763e+164
 9.21592e+163
 2.3892e+163
 -1.99041e+164
 4.17809e+164
 -6.59274e+164
 9.00162e+164
 -1.11775e+165
 1.29214e+165
 -1.40779e+165
 1.45437e+165
 -1.42716e+165
 1.32729e+165
 -1.16185e+165
 9.43902e+164
 -6.91939e+164
 4.28759e+164
 -1.79369e+164
 -3.19048e+163
 1.84773e+164
 -2.66223e+164
 2.72939e+164
 -2.12306e+164
 1.01658e+164
 3.42195e+163
 -1.66924e+164
 2.68911e+164
 -3.17775e+164
 2.99547e+164
 -2.10437e+164
 5.6814e+163
 1.46416e+164
 -3.78553e+164
 6.16308e+164
 -8.36824e+164
 1.02006e+165
 -1.15031e+165
 1.21705e+165
 -1.21521e+165
 1.14535e+165
 -1.01367e+165
 8.32064e+164
 -6.17658e+164
 3.91867e+164
 -1.78551e+164
 1.43813e+162
 1.18881e+164
 -1.67831e+164
 1.38992e+164
 -3.5005e+163
 -1.32949e+164
 3.46969e+164
 -5.85099e+164
 8.2424e+164
 -1.04274e+165
 1.22227e+165
 -1.34886e+165
 1.41331e+165
 -1.41123e+165
 1.34309e+165
 -1.21428e+165
 1.03528e+165
 -8.2153e+164
 5.92647e+164
 -3.7078e+164
 1.78042e+164
 -3.33277e+163
 -5.09025e+163
 7.11595e+163
 -3.41073e+163
 -4.40272e+163
 1.39857e+164
 -2.26664e+164
 2.78931e+164
 -2.76664e+164
 2.08647e+164
 -7.40175e+163
 -1.18045e+164
 3.50294e+164
 -6.00484e+164
 8.44789e+164
 -1.06085e+165
 1.23004e+165
 -1.33866e+165
 1.37848e+165
 -1.34667e+165
 1.2457e+165
 -1.08328e+165
 8.72211e+164
 -6.30077e+164
 3.78221e+164
 -1.39924e+164
 -6.22442e+163
 2.09564e+164
 -2.90217e+164
 3.01554e+164
 -2.51001e+164
 1.55259e+164
 -3.78379e+163
 -7.46778e+163
 1.56924e+164
 -1.88809e+164
 1.58545e+164
 -6.41397e+163
 -8.68418e+163
 2.79047e+164
 -4.92136e+164
 7.03956e+164
 -8.9343e+164
 1.04274e+165
 -1.13864e+165
 1.17297e+165
 -1.14279e+165
 1.0503e+165
 -9.02758e+164
 7.12457e+164
 -4.96343e+164
 2.75133e+164
 -7.16489e+163
 -9.15757e+163
 1.95136e+164
 -2.25528e+164
 1.77273e+164
 -5.3897e+163
 -1.32467e+164
 3.62795e+164
 -6.13825e+164
 8.61111e+164
 -1.08189e+165
 1.25733e+165
 -1.37386e+165
 1.42374e+165
 -1.40496e+165
 1.32081e+165
 -1.1794e+165
 9.93041e+164
 -7.77639e+164
 5.51709e+164
 -3.34945e+164
 1.46255e+164
 -1.42858e+162
 -8.92179e+163
 1.22731e+164
 -1.04457e+164
 4.76777e+163
 2.81451e+163
 -1.00311e+164
 1.46505e+164
 -1.48432e+164
 9.47479e+163
 1.72562e+163
 -1.81514e+164
 3.845e+164
 -6.07626e+164
 8.30112e+164
 -1.03173e+165
 1.19499e+165
 -1.30646e+165
 1.3575e+165
 -1.34446e+165
 1.26872e+165
 -1.13673e+165
 9.60015e+164
 -7.54799e+164
 5.41027e+164
 -3.40525e+164
 1.74325e+164
 -5.9514e+163
 6.21129e+162
 -1.53879e+163
 7.81537e+163
 -1.76834e+164
 2.87749e+164
 -3.85194e+164
 4.45833e+164
 -4.52591e+164
 3.97295e+164
 -2.81577e+164
 1.16002e+164
 8.224e+163
 -2.92454e+164
 4.93644e+164
 -6.67177e+164
 7.98524e+164
 -8.78028e+164
 9.00893e+164
 -8.66774e+164
 7.79321e+164
 -6.45887e+164
 4.77384e+164
 -2.88097e+164
 9.5145e+163
 8.26385e+163
 -2.26469e+164
 3.19829e+164
 -3.5076e+164
 3.13711e+164
 -2.10535e+164
 5.03564e+163
 1.51634e+164
 -3.76205e+164
 6.02451e+164
 -8.10058e+164
 9.81114e+164
 -1.10135e+165
 1.16089e+165
 -1.1547e+165
 1.08296e+165
 -9.5137e+164
 7.71318e+164
 -5.59552e+164
 3.37158e+164
 -1.27606e+164
 -4.60275e+163
 1.64324e+164
 -2.14671e+164
 1.93626e+164
 -1.07938e+164
 -2.61383e+163
 1.85168e+164
 -3.42148e+164
 4.70717e+164
 -5.49164e+164
 5.63494e+164
 -5.09021e+164
 3.90315e+164
 -2.19686e+164
 1.46873e+163
 2.04705e+164
 -4.18658e+164
 6.09378e+164
 -7.6224e+164
 8.66316e+164
 -9.14629e+164
 9.04443e+164
 -8.37725e+164
 7.21657e+164
 -5.68859e+164
 3.96943e+164
 -2.27091e+164
 8.16467e+163
 1.89584e+163
 -5.93657e+163
 3.1852e+163
 6.23024e+163
 -2.12952e+164
 4.02682e+164
 -6.09478e+164
 8.09859e+164
 -9.81852e+164
 1.10731e+165
 -1.17339e+165
 1.17312e+165
 -1.10552e+165
 9.75233e+164
 -7.92243e+164
 5.7134e+164
 -3.31421e+164
 9.42706e+163
 1.17308e+164
 -2.82032e+164
 3.83055e+164
 -4.10781e+164
 3.64962e+164
 -2.55503e+164
 1.01627e+164
 7.06108e+163
 -2.3212e+164
 3.552e+164
 -4.17773e+164
 4.06607e+164
 -3.18934e+164
 1.62249e+164
 4.7554e+163
 -2.89142e+164
 5.39097e+164
 -7.74937e+164
 9.77322e+164
 -1.13129e+165
 1.22669e+165
 -1.25819e+165
 1.22523e+165
 -1.13213e+165
 9.88282e+164
 -8.08106e+164
 6.10384e+164
 -4.16635e+164
 2.4853e+164
 -1.24679e+164
 5.73822e+163
 -5.01379e+163
 9.65431e+163
 -1.80988e+164
 2.81109e+164
 -3.71553e+164
 4.28298e+164
 -4.32657e+164
 3.74159e+164
 -2.51817e+164
 7.36624e+163
 1.45161e+164
 -3.85167e+164
 6.25464e+164
 -8.46256e+164
 1.03056e+165
 -1.16511e+165
 1.24067e+165
 -1.25215e+165
 1.19876e+165
 -1.08436e+165
 9.17836e+164
 -7.13184e+164
 4.88884e+164
 -2.66423e+164
 6.79532e+163
 8.65596e+163
 -1.82146e+164
 2.1098e+164
 -1.73386e+164
 7.74945e+163
 6.23255e+163
 -2.27855e+164
 3.99657e+164
 -5.59405e+164
 6.91558e+164
 -7.84266e+164
 8.29674e+164
 -8.23916e+164
 7.67102e+164
 -6.63421e+164
 5.21279e+164
 -3.53214e+164
 1.75258e+164
 -5.51791e+162
 -1.38004e+164
 2.40064e+164
 -2.90793e+164
 2.87672e+164
 -2.36349e+164
 1.5002e+164
 -4.74136e+163
 -5.0273e+163
 1.22888e+164
 -1.54602e+164
 1.36309e+164
 -6.67366e+163
 -4.78772e+163
 1.95338e+164
 -3.5984e+164
 5.24511e+164
 -6.73637e+164
 7.94186e+164
 -8.76556e+164
 9.14709e+164
 -9.06005e+164
 8.51057e+164
 -7.53787e+164
 6.21619e+164
 -4.65579e+164
 2.99937e+164
 -1.41119e+164
 5.817e+162
 9.15077e+163
 -1.41249e+164
 1.40811e+164
 -9.56967e+163
 1.91651e+163
 6.96322e+163
 -1.48721e+164
 1.96998e+164
 -1.97806e+164
 1.41648e+164
 -2.75552e+163
 -1.37104e+164
 3.3818e+164
 -5.57199e+164
 7.74102e+164
 -9.69698e+164
 1.12744e+165
 -1.23444e+165
 1.28189e+165
 -1.26518e+165
 1.18406e+165
 -1.0429e+165
 8.51021e+164
 -6.22843e+164
 3.77386e+164
 -1.36971e+164
 -7.49732e+163
 2.36724e+164
 -3.31214e+164
 3.48511e+164
 -2.87314e+164
 1.55132e+164
 3.28315e+163
 -2.55816e+164
 4.90169e+164
 -7.12037e+164
 8.99657e+164
 -1.03506e+165
 1.1052e+165
 -1.10268e+165
 1.0262e+165
 -8.80879e+164
 6.78239e+164
 -4.35786e+164
 1.75774e+164
 7.68887e+163
 -2.97539e+164
 4.65104e+164
 -5.65311e+164
 5.93087e+164
 -5.53588e+164
 4.61525e+164
 -3.3883e+164
 2.11048e+164
 -1.03159e+164
 3.56067e+163
 -2.13076e+163
 6.41355e+163
 -1.59056e+164
 2.93714e+164
 -4.50988e+164
 6.11868e+164
 -7.58075e+164
 8.73989e+164
 -9.47787e+164
 9.71888e+164
 -9.43018e+164
 8.6216e+164
 -7.3457e+164
 5.69782e+164
 -3.81396e+164
 1.86323e+164
 -3.29842e+162
 -1.49371e+164
 2.56532e+164
 -3.08895e+164
 3.05111e+164
 -2.52646e+164
 1.67124e+164
 -7.01249e+163
 -1.42283e+163
 6.32475e+163
 -5.94622e+163
 -6.5443e+162
 1.34773e+164
 -3.16123e+164
 5.34211e+164
 -7.68205e+164
 9.9602e+164
 -1.19721e+165
 1.35507e+165
 -1.45779e+165
 1.49875e+165
 -1.47623e+165
 1.39301e+165
 -1.25607e+165
 1.0764e+165
 -8.68832e+164
 6.51473e+164
 -4.4458e+164
 2.68642e+164
 -1.41926e+164
 7.79009e+163
 -8.31054e+163
 1.56e+164
 -2.87118e+164
 4.605e+164
 -6.56077e+164
 8.52458e+164
 -1.02954e+165
 1.17047e+165
 -1.26286e+165
 1.29915e+165
 -1.27657e+165
 1.19691e+165
 -1.06621e+165
 8.94574e+164
 -6.95743e+164
 4.86325e+164
 -2.84439e+164
 1.07733e+164
 2.89886e+163
 -1.16122e+164
 1.51096e+164
 -1.39181e+164
 9.29787e+163
 -3.05789e+163
 -2.73364e+163
 6.09041e+163
 -5.43439e+163
 -1.55349e+162
 1.08161e+164
 -2.5914e+164
 4.41801e+164
 -6.39305e+164
 8.33161e+164
 -1.00552e+165
 1.1409e+165
 -1.22726e+165
 1.25654e+165
 -1.2249e+165
 1.13289e+165
 -9.85707e+164
 7.93395e+164
 -5.70734e+164
 3.36529e+164
 -1.12069e+164
 -8.12133e+163
 2.2462e+164
 -3.05102e+164
 3.17611e+164
 -2.66347e+164
 1.64562e+164
 -3.28601e+163
 -1.03752e+164
 2.1957e+164
 -2.92001e+164
 3.04805e+164
 -2.50256e+164
 1.2992e+164
 4.59757e+163
 -2.60306e+164
 4.91538e+164
 -7.16439e+164
 9.12621e+164
 -1.06066e+165
 1.14575e+165
 -1.15892e+165
 1.09786e+165
 -9.67493e+164
 7.79906e+164
 -5.53721e+164
 3.12554e+164
 -8.25915e+163
 -1.10508e+164
 2.44959e+164
 -3.05852e+164
 2.87218e+164
 -1.92723e+164
 3.48605e+163
 1.67174e+164
 -3.90427e+164
 6.11338e+164
 -8.08482e+164
 9.64509e+164
 -1.06713e+165
 1.10931e+165
 -1.08903e+165
 1.00893e+165
 -8.76072e+164
 7.01852e+164
 -5.01834e+164
 2.95115e+164
 -1.02944e+164
 -5.35255e+163
 1.56184e+164
 -1.93104e+164
 1.6118e+164
 -6.75571e+163
 -7.06874e+163
 2.28745e+164
 -3.77885e+164
 4.90169e+164
 -5.43116e+164
 5.2338e+164
 -4.2869e+164
 2.6775e+164
 -5.8266e+163
 -1.76346e+164
 4.1075e+164
 -6.21194e+164
 7.88132e+164
 -8.97733e+164
 9.42356e+164
 -9.20309e+164
 8.35298e+164
 -6.95823e+164
 5.14628e+164
 -3.08088e+164
 9.53188e+163
 1.03191e+164
 -2.67474e+164
 3.80357e+164
 -4.29754e+164
 4.10534e+164
 -3.25536e+164
 1.85431e+164
 -7.41455e+162
 -1.87073e+164
 3.7517e+164
 -5.35449e+164
 6.50326e+164
 -7.07715e+164
 7.01816e+164
 -6.33123e+164
 5.07875e+164
 -3.37156e+164
 1.35807e+164
 7.88187e+163
 -2.88276e+164
 4.74651e+164
 -6.22333e+164
 7.19765e+164
 -7.60909e+164
 7.46143e+164
 -6.82364e+164
 5.82218e+164
 -4.62535e+164
 3.42199e+164
 -2.39769e+164
 1.71195e+164
 -1.47946e+164
 1.75757e+164
 -2.54133e+164
 3.76594e+164
 -5.3155e+164
 7.03628e+164
 -8.75255e+164
 1.02833e+165
 -1.14588e+165
 1.21371e+165
 -1.22196e+165
 1.16654e+165
 -1.0503e+165
 8.83511e+164
 -6.83408e+164
 4.72518e+164
 -2.75765e+164
 1.16674e+164
 -1.33181e+163
 -2.51561e+163
 5.97081e+161
 7.40459e+163
 -1.76731e+164
 2.80099e+164
 -3.56251e+164
 3.81548e+164
 -3.40475e+164
 2.27842e+164
 -4.90325e+163
 -1.81539e+164
 4.43252e+164
 -7.12642e+164
 9.66552e+164
 -1.18456e+165
 1.35039e+165
 -1.45245e+165
 1.48378e+165
 -1.4418e+165
 1.32833e+165
 -1.14979e+165
 9.17632e+164
 -6.48524e+164
 3.63946e+164
 -8.87899e+163
 -1.51033e+164
 3.31754e+164
 -4.35101e+164
 4.51156e+164
 -3.80042e+164
 2.3202e+164
 -2.59433e+163
 -2.13589e+164
 4.59776e+164
 -6.871e+164
 8.74151e+164
 -1.00542e+165
 1.07202e+165
 -1.07163e+165
 1.00799e+165
 -8.90202e+164
 7.32147e+164
 -5.51657e+164
 3.69404e+164
 -2.07131e+164
 8.52287e+163
 -1.98484e+163
 2.00726e+163
 -8.57973e+163
 2.06956e+164
 -3.64464e+164
 5.32881e+164
 -6.8436e+164
 7.93124e+164
 -8.39578e+164
 8.13227e+164
 -7.13883e+164
 5.51031e+164
 -3.41658e+164
 1.0716e+164
 1.29949e+164
 -3.48863e+164
 5.32454e+164
 -6.68283e+164
 7.48877e+164
 -7.71567e+164
 7.38221e+164
 -6.54991e+164
 5.32005e+164
 -3.82785e+164
 2.23144e+164
 -6.94847e+163
 -6.339e+163
 1.64567e+164
 -2.28931e+164
 2.58197e+164
 -2.60761e+164
 2.50313e+164
 -2.43424e+164
 2.56548e+164
 -3.02993e+164
 3.9041e+164
 -5.19255e+164
 6.82515e+164
 -8.66725e+164
 1.05409e+165
 -1.22528e+165
 1.36233e+165
 -1.45114e+165
 1.48302e+165
 -1.45529e+165
 1.37086e+165
 -1.23723e+165
 1.0653e+165
 -8.68245e+164
 6.6064e+164
 -4.57779e+164
 2.74902e+164
 -1.26208e+164
 2.35468e+163
 2.50507e+163
 -1.67086e+163
 -4.54877e+163
 1.52521e+164
 -2.90437e+164
 4.42171e+164
 -5.89875e+164
 7.17257e+164
 -8.1149e+164
 8.6436e+164
 -8.72563e+164
 8.37272e+164
 -7.63251e+164
 6.57855e+164
 -5.30149e+164
 3.90271e+164
 -2.48973e+164
 1.17166e+164
 -5.29193e+162
 -7.76161e+163
 1.25123e+164
 -1.3464e+164
 1.08402e+164
 -5.38125e+163
 -1.71073e+163
 8.92233e+163
 -1.46569e+164
 1.74981e+164
 -1.64531e+164
 1.11218e+164
 -1.75467e+163
 -1.08125e+164
 2.53248e+164
 -4.03331e+164
 5.44218e+164
 -6.63924e+164
 7.53711e+164
 -8.0839e+164
 8.26012e+164
 -8.0728e+164
 7.55005e+164
 -6.73793e+164
 5.69999e+164
 -4.51779e+164
 3.28997e+164
 -2.12729e+164
 1.14232e+164
 -4.34183e+163
 7.08888e+162
 -7.30421e+162
 4.03395e+163
 -9.65908e+163
 1.61614e+164
 -2.18223e+164
 2.49298e+164
 -2.40762e+164
 1.8411e+164
 -7.79537e+163
 -7.17181e+163
 2.52561e+164
 -4.47882e+164
 6.39134e+164
 -8.0836e+164
 9.40147e+164
 -1.02291e+165
 1.04949e+165
 -1.01734e+165
 9.28462e+164
 -7.89351e+164
 6.10903e+164
 -4.08165e+164
 1.99677e+164
 -6.19503e+162
 -1.51245e+164
 2.53789e+164
 -2.87363e+164
 2.44917e+164
 -1.27834e+164
 -5.38574e+163
 2.82527e+164
 -5.35091e+164
 7.85836e+164
 -1.00941e+165
 1.18351e+165
 -1.29097e+165
 1.32104e+165
 -1.27005e+165
 1.14146e+165
 -9.4542e+164
 6.98054e+164
 -4.2012e+164
 1.35272e+164
 1.32228e+164
 -3.60115e+164
 5.30734e+164
 -6.33223e+164
 6.64846e+164
 -6.3117e+164
 5.45013e+164
 -4.24342e+164
 2.89497e+164
 -1.6024e+164
 5.31425e+163
 2.03294e+163
 -5.47884e+163
 5.0972e+163
 -1.50088e+163
 -4.28337e+163
 1.09644e+164
 -1.71392e+164
 2.14368e+164
 -2.2654e+164
 1.98838e+164
 -1.26403e+164
 9.69599e+162
 1.44738e+164
 -3.24133e+164
 5.10276e+164
 -6.8134e+164
 8.14695e+164
 -8.90342e+164
 8.94395e+164
 -8.21921e+164
 6.78515e+164
 -4.80186e+164
 2.51491e+164
 -2.21672e+163
 -1.77149e+164
 3.19361e+164
 -3.84739e+164
 3.635e+164
 -2.56764e+164
 7.58436e+163
 1.59893e+164
 -4.2607e+164
 6.96667e+164
 -9.47134e+164
 1.15682e+165
 -1.31052e+165
 1.39922e+165
 -1.42018e+165
 1.37661e+165
 -1.27713e+165
 1.13505e+165
 -9.67385e+164
 7.93444e+164
 -6.32993e+164
 5.04032e+164
 -4.20493e+164
 3.90274e+164
 -4.14062e+164
 4.85251e+164
 -5.91058e+164
 7.14587e+164
 -8.37409e+164
 9.42074e+164
 -1.01405e+165
 1.04282e+165
 -1.02213e+165
 9.49654e+164
 -8.26537e+164
 6.57095e+164
 -4.48847e+164
 2.12767e+164
 3.66116e+163
 -2.81631e+164
 5.02784e+164
 -6.80852e+164
 7.99618e+164
 -8.48625e+164
 8.25338e+164
 -7.36167e+164
 5.96026e+164
 -4.26438e+164
 2.525e+164
 -9.92633e+163
 -1.18212e+163
 6.57697e+163
 -5.57909e+163
 -1.63457e+163
 1.41241e+164
 -3.03799e+164
 4.85698e+164
 -6.67924e+164
 8.32932e+164
 -9.66212e+164
 1.05721e+165
 -1.09977e+165
 1.09219e+165
 -1.03728e+165
 9.42111e+164
 -8.17749e+164
 6.78492e+164
 -5.40612e+164
 4.20535e+164
 -3.32621e+164
 2.8691e+164
 -2.87291e+164
 3.30526e+164
 -4.06438e+164
 4.9929e+164
 -5.90173e+164
 6.59952e+164
 -6.92251e+164
 6.75907e+164
 -6.06488e+164
 4.86651e+164
 -3.25361e+164
 1.36223e+164
 6.46761e+163
 -2.60957e+164
 4.37797e+164
 -5.83191e+164
 6.88597e+164
 -7.49088e+164
 7.6323e+164
 -7.32907e+164
 6.63206e+164
 -5.62332e+164
 4.41436e+164
 -3.14132e+164
 1.95588e+164
 -1.01136e+164
 4.45775e+163
 -3.64415e+163
 8.25568e+163
 -1.83229e+164
 3.33176e+164
 -5.22182e+164
 7.36265e+164
 -9.59073e+164
 1.17326e+165
 -1.36171e+165
 1.50864e+165
 -1.60066e+165
 1.62797e+165
 -1.58558e+165
 1.47442e+165
 -1.30194e+165
 1.08197e+165
 -8.33414e+164
 5.77909e+164
 -3.36764e+164
 1.27675e+164
 3.80706e+163
 -1.57267e+164
 2.34968e+164
 -2.831e+164
 3.17779e+164
 -3.55916e+164
 4.11798e+164
 -4.94335e+164
 6.05475e+164
 -7.39998e+164
 8.86616e+164
 -1.03001e+165
 1.15332e+165
 -1.24063e+165
 1.27907e+165
 -1.26027e+165
 1.1813e+165
 -1.04501e+165
 8.59913e+164
 -6.39674e+164
 4.02086e+164
 -1.67579e+164
 -4.27546e+163
 2.09438e+164
 -3.16919e+164
 3.55516e+164
 -3.22639e+164
 2.23023e+164
 -6.79152e+163
 -1.26621e+164
 3.41925e+164
 -5.59018e+164
 7.60504e+164
 -9.31806e+164
 1.06165e+165
 -1.14196e+165
 1.16754e+165
 -1.13587e+165
 1.04717e+165
 -9.04999e+164
 7.16888e+164
 -4.94765e+164
 2.54691e+164
 -1.56558e+163
 -2.02563e+164
 3.82139e+164
 -5.09951e+164
 5.79705e+164
 -5.9287e+164
 5.58163e+164
 -4.89699e+164
 4.04221e+164
 -3.18077e+164
 2.44626e+164
 -1.92603e+164
 1.65685e+164
 -1.63145e+164
 1.81204e+164
 -2.14571e+164
 2.57656e+164
 -3.05184e+164
 3.52207e+164
 -3.93758e+164
 4.24581e+164
 -4.39281e+164
 4.33095e+164
 -4.0314e+164
 3.4978e+164
 -2.77558e+164
 1.95251e+164
 -1.14799e+164
 4.9226e+163
 -9.97061e+162
 4.26635e+162
 -3.3211e+163
 9.10228e+163
 -1.65686e+164
 2.40871e+164
 -2.98718e+164
 3.2291e+164
 -3.01407e+164
 2.28324e+164
 -1.04648e+164
 -6.22244e+163
 2.59896e+164
 -4.72896e+164
 6.84643e+164
 -8.79065e+164
 1.04169e+165
 -1.16028e+165
 1.2252e+165
 -1.22985e+165
 1.17133e+165
 -1.0513e+165
 8.76832e+164
 -6.60719e+164
 4.21076e+164
 -1.79787e+164
 -3.99907e+163
 2.16912e+164
 -3.34496e+164
 3.83468e+164
 -3.62883e+164
 2.79822e+164
 -1.4781e+164
 -1.55925e+163
 1.9142e+164
 -3.61631e+164
 5.10784e+164
 -6.26992e+164
 7.02318e+164
 -7.32897e+164
 7.18985e+164
 -6.65035e+164
 5.79674e+164
 -4.75349e+164
 3.674e+164
 -2.72449e+164
 2.06209e+164
 -1.81025e+164
 2.03627e+164
 -2.73572e+164
 3.82769e+164
 -5.16258e+164
 6.54167e+164
 -7.74519e+164
 8.56425e+164
 -8.83076e+164
 8.44028e+164
 -7.36396e+164
 5.64768e+164
 -3.39916e+164
 7.65717e+163
 2.09252e+164
 -5.02886e+164
 7.93052e+164
 -1.07295e+165
 1.34016e+165
 -1.59542e+165
 1.84043e+165
 -2.07512e+165
 2.29509e+165
 -2.48967e+165
 2.64148e+165
 -2.72784e+165
 2.72432e+165
 -2.61001e+165
 2.37365e+165
 -2.01922e+165
 1.5694e+165
 -1.0656e+165
 5.63709e+164
 -1.26034e+164
 -1.89459e+164
 3.40312e+164
 -3.08747e+164
 1.06621e+164
 2.25217e+164
 -6.23312e+164
 1.01264e+165
 -1.32012e+165
 1.48784e+165
 -1.48329e+165
 1.30454e+165
 -9.79183e+164
 5.5751e+164
 -1.01266e+164
 -3.29475e+164
 6.88467e+164
 -9.51798e+164
 1.12089e+165
 -1.21939e+165
 1.28476e+165
 -1.35662e+165
 1.46485e+165
 -1.62024e+165
 1.81027e+165
 -2.00104e+165
 2.14489e+165
 -2.19212e+165
 2.10378e+165
 -1.86263e+165
 1.47951e+165
 -9.9368e+164
 4.6679e+164
 2.81246e+163
 -4.20428e+164
 6.55499e+164
 -7.05367e+164
 5.74217e+164
 -2.97637e+164
 -6.41663e+163
 4.37827e+164
 -7.50659e+164
 9.44183e+164
 -9.84732e+164
 8.69147e+164
 -6.24515e+164
 3.02053e+164
 3.36463e+163
 -3.17889e+164
 4.99053e+164
 -5.49031e+164
 4.68819e+164
 -2.88096e+164
 5.88442e+163
 1.55666e+164
 -2.94217e+164
 3.10475e+164
 -1.82576e+164
 -8.25946e+163
 4.5128e+164
 -8.70451e+164
 1.27938e+165
 -1.62257e+165
 1.86122e+165
 -1.98059e+165
 1.99169e+165
 -1.9271e+165
 1.83178e+165
 -1.75123e+165
 1.71979e+165
 -1.75191e+165
 1.83849e+165
 -1.94906e+165
 2.03945e+165
 -2.06301e+165
 1.98264e+165
 -1.78092e+165
 1.46585e+165
 -1.07084e+165
 6.49073e+164
 -2.63203e+164
 -2.70987e+163
 1.77303e+164
 -1.67253e+164
 5.58677e+162
 2.7154e+164
 -6.07183e+164
 9.34449e+164
 -1.18935e+165
 1.32311e+165
 -1.31159e+165
 1.15986e+165
 -9.00973e+164
 5.89255e+164
 -2.89181e+164
 6.22345e+163
 4.56658e+163
 -1.35541e+163
 -1.50341e+164
 4.10385e+164
 -7.10973e+164
 9.88032e+164
 -1.18217e+165
 1.25076e+165
 -1.17649e+165
 9.70729e+164
 -6.71211e+164
 3.34506e+164
 -2.50319e+163
 -1.97246e+164
 2.87966e+164
 -2.26252e+164
 1.78756e+163
 3.06819e+164
 -6.99683e+164
 1.1048e+165
 -1.46964e+165
 1.75507e+165
 -1.94206e+165
 2.03367e+165
 -2.05205e+165
 2.03104e+165
 -2.00631e+165
 2.00529e+165
 -2.03929e+165
 2.09993e+165
 -2.16064e+165
 2.18302e+165
 -2.1266e+165
 1.95974e+165
 -1.66901e+165
 1.26472e+165
 -7.81328e+164
 2.72293e+164
 1.99565e+164
 -5.74169e+164
 8.06208e+164
 -8.74452e+164
 7.86352e+164
 -5.7689e+164
 3.01883e+164
 -2.70895e+163
 -1.84644e+164
 2.85601e+164
 -2.52314e+164
 8.98007e+163
 1.69886e+164
 -4.74435e+164
 7.61991e+164
 -9.73657e+164
 1.06531e+165
 -1.0164e+165
 8.34129e+164
 -5.52038e+164
 2.23569e+164
 8.83153e+163
 -3.23271e+164
 4.35113e+164
 -4.00455e+164
 2.22741e+164
 6.91366e+163
 -4.27321e+164
 7.95225e+164
 -1.11932e+165
 1.35994e+165
 -1.49876e+165
 1.54115e+165
 -1.51311e+165
 1.4533e+165
 -1.4022e+165
 1.39108e+165
 -1.43334e+165
 1.52045e+165
 -1.62362e+165
 1.70053e+165
 -1.70583e+165
 1.60278e+165
 -1.37327e+165
 1.02387e+165
 -5.86529e+164
 1.1357e+164
 3.31919e+164
 -6.88343e+164
 9.07876e+164
 -9.66142e+164
 8.67245e+164
 -6.43041e+164
 3.46774e+164
 -4.24204e+163
 -2.08057e+164
 3.56873e+164
 -3.79525e+164
 2.79027e+164
 -8.45102e+163
 -1.55369e+164
 3.82775e+164
 -5.42617e+164
 5.93704e+164
 -5.16979e+164
 3.19369e+164
 -3.26199e+163
 -2.92563e+164
 5.95921e+164
 -8.1885e+164
 9.15326e+164
 -8.60524e+164
 6.55472e+164
 -3.26805e+164
 -7.84273e+163
 5.01928e+164
 -8.85484e+164
 1.18211e+165
 -1.36461e+165
 1.4297e+165
 -1.39679e+165
 1.30173e+165
 -1.18715e+165
 1.09164e+165
 -1.04054e+165
 1.04046e+165
 -1.07878e+165
 1.12823e+165
 -1.15504e+165
 1.12878e+165
 -1.03118e+165
 8.61791e+164
 -6.39237e+164
 3.97648e+164
 -1.79245e+164
 2.48173e+163
 3.57164e+163
 9.49595e+162
 -1.50889e+164
 3.58727e+164
 -5.88693e+164
 7.90658e+164
 -9.18803e+164
 9.41016e+164
 -8.45638e+164
 6.4419e+164
 -3.69513e+164
 6.96617e+163
 2.01287e+164
 -3.93736e+164
 4.72371e+164
 -4.23352e+164
 2.57481e+164
 -8.67509e+162
 -2.72033e+164
 5.25896e+164
 -6.97513e+164
 7.45462e+164
 -6.50471e+164
 4.1952e+164
 -8.50436e+163
 -3.0067e+164
 6.74861e+164
 -9.75669e+164
 1.15331e+165
 -1.17888e+165
 1.04909e+165
 -7.85972e+164
 4.31672e+164
 -3.94613e+163
 -3.3719e+164
 6.55116e+164
 -8.89272e+164
 1.0362e+165
 -1.11244e+165
 1.14826e+165
 -1.17841e+165
 1.23198e+165
 -1.32406e+165
 1.45107e+165
 -1.5911e+165
 1.70902e+165
 -1.76525e+165
 1.72594e+165
 -1.5721e+165
 1.30558e+165
 -9.50275e+164
 5.48431e+164
 -1.52666e+164
 -1.84397e+164
 4.20713e+164
 -5.33291e+164
 5.22784e+164
 -4.13204e+164
 2.46857e+164
 -7.5547e+163
 -5.01324e+163
 9.12176e+163
 -2.8392e+163
 -1.34018e+164
 3.68877e+164
 -6.31727e+164
 8.69844e+164
 -1.03305e+165
 1.08412e+165
 -1.00667e+165
 8.09004e+164
 -5.22977e+164
 1.98205e+164
 1.07355e+164
 -3.38538e+164
 4.53575e+164
 -4.32007e+164
 2.78256e+164
 -2.01061e+163
 -2.97554e+164
 6.22379e+164
 -9.0546e+164
 1.11105e+165
 -1.22295e+165
 1.24625e+165
 -1.20403e+165
 1.13005e+165
 -1.05923e+165
 1.01829e+165
 -1.01882e+165
 1.0544e+165
 -1.10246e+165
 1.13029e+165
 -1.10375e+165
 9.966e+164
 -7.98162e+164
 5.17621e+164
 -1.83845e+164
 -1.59249e+164
 4.60872e+164
 -6.73371e+164
 7.62004e+164
 -7.12438e+164
 5.34399e+164
 -2.60668e+164
 -5.84254e+163
 3.64006e+164
 -5.9939e+164
 7.20508e+164
 -7.03974e+164
 5.51275e+164
 -2.88272e+164
 -3.98492e+163
 3.7719e+164
 -6.67622e+164
 8.65137e+164
 -9.42096e+164
 8.93825e+164
 -7.38773e+164
 5.1425e+164
 -2.68684e+164
 5.19459e+163
 9.43088e+163
 -1.44392e+164
 9.29127e+163
 4.51192e+163
 -2.38359e+164
 4.46461e+164
 -6.29089e+164
 7.54643e+164
 -8.06803e+164
 7.87409e+164
 -7.15033e+164
 6.1955e+164
 -5.34e+164
 4.85696e+164
 -4.88783e+164
 5.40138e+164
 -6.19703e+164
 6.95251e+164
 -7.30455e+164
 6.94316e+164
 -5.69634e+164
 3.58436e+164
 -8.30149e+163
 -2.1774e+164
 4.95934e+164
 -7.04522e+164
 8.07259e+164
 -7.86588e+164
 6.47755e+164
 -4.18271e+164
 1.42799e+164
 1.25465e+164
 -3.35179e+164
 4.46891e+164
 -4.40712e+164
 3.20086e+164
 -1.10949e+164
 -1.43567e+164
 3.91778e+164
 -5.8375e+164
 6.81206e+164
 -6.65094e+164
 5.39342e+164
 -3.30059e+164
 8.03662e+163
 1.58128e+164
 -3.35505e+164
 4.13341e+164
 -3.72174e+164
 2.15132e+164
 3.30064e+163
 -3.31151e+164
 6.30511e+164
 -8.84713e+164
 1.05927e+165
 -1.13837e+165
 1.12752e+165
 -1.05137e+165
 9.47289e+164
 -8.56055e+164
 8.11875e+164
 -8.34029e+164
 9.22154e+164
 -1.05627e+165
 1.20152e+165
 -1.31652e+165
 1.36321e+165
 -1.31599e+165
 1.16794e+165
 -9.32857e+164
 6.42652e+164
 -3.40889e+164
 7.39305e+163
 1.18342e+164
 -2.10293e+164
 1.95234e+164
 -8.62219e+163
 -8.71023e+163
 2.84879e+164
 -4.65259e+164
 5.9282e+164
 -6.45483e+164
 6.18564e+164
 -5.2519e+164
 3.93021e+164
 -2.58001e+164
 1.56454e+164
 -1.17155e+164
 1.55064e+164
 -2.67984e+164
 4.36871e+164
 -6.29697e+164
 8.08092e+164
 -9.35396e+164
 9.84457e+164
 -9.43569e+164
 8.19294e+164
 -6.35529e+164
 4.28949e+164
 -2.41699e+164
 1.12804e+164
 -7.00665e+163
 1.24168e+164
 -2.6626e+164
 4.69616e+164
 -6.95068e+164
 8.991e+164
 -1.04291e+165
 1.10049e+165
 -1.06389e+165
 9.44557e+164
 -7.70358e+164
 5.78922e+164
 -4.08778e+164
 2.90295e+164
 -2.38518e+164
 2.49568e+164
 -3.01527e+164
 3.5963e+164
 -3.84646e+164
 3.42518e+164
 -2.13043e+164
 -4.44983e+162
 2.89775e+164
 -6.05303e+164
 9.03386e+164
 -1.13619e+165
 1.26575e+165
 -1.27205e+165
 1.15733e+165
 -9.45718e+164
 6.78363e+164
 -4.04987e+164
 1.73859e+164
 -2.2209e+163
 -3.08901e+163
 -1.222e+163
 1.28969e+164
 -2.81829e+164
 4.2649e+164
 -5.21219e+164
 5.35502e+164
 -4.56252e+164
 2.90422e+164
 -6.35744e+163
 -1.85247e+164
 4.11284e+164
 -5.72908e+164
 6.39807e+164
 -5.9886e+164
 4.56543e+164
 -2.37335e+164
 -2.15548e+163
 2.78058e+164
 -4.9406e+164
 6.43205e+164
 -7.15941e+164
 7.20623e+164
 -6.80373e+164
 6.26422e+164
 -5.89543e+164
 5.91668e+164
 -6.39791e+164
 7.23701e+164
 -8.1814e+164
 8.88876e+164
 -9.01195e+164
 8.28792e+164
 -6.60898e+164
 4.0603e+164
 -9.14838e+163
 -2.41281e+164
 5.44361e+164
 -7.72606e+164
 8.92413e+164
 -8.88366e+164
 7.66443e+164
 -5.53169e+164
 2.90879e+164
 -2.99827e+163
 -1.80321e+164
 3.0111e+164
 -3.1085e+164
 2.09177e+164
 -1.65794e+163
 -2.29927e+164
 4.84298e+164
 -7.00596e+164
 8.41905e+164
 -8.87241e+164
 8.35064e+164
 -7.02762e+164
 5.22306e+164
 -3.3308e+164
 1.73472e+164
 -7.30139e+163
 4.6725e+163
 -9.27762e+163
 1.9388e+164
 -3.2198e+164
 4.4513e+164
 -5.34961e+164
 5.7309e+164
 -5.55013e+164
 4.90661e+164
 -4.01518e+164
 3.15003e+164
 -2.57429e+164
 2.47218e+164
 -2.89956e+164
 3.76512e+164
 -4.84709e+164
 5.84203e+164
 -6.43508e+164
 6.37527e+164
 -5.53884e+164
 3.96551e+164
 -1.85909e+164
 -4.48343e+163
 2.56154e+164
 -4.10254e+164
 4.78976e+164
 -4.49899e+164
 3.29342e+164
 -1.41661e+164
 -7.50718e+163
 2.76129e+164
 -4.18566e+164
 4.69385e+164
 -4.11848e+164
 2.48757e+164
 -2.08898e+162
 -2.90918e+164
 5.84465e+164
 -8.32436e+164
 9.96648e+164
 -1.05359e+165
 9.9844e+164
 -8.45556e+164
 6.2545e+164
 -3.78721e+164
 1.48158e+164
 2.9463e+163
 -1.3027e+164
 1.47503e+164
 -9.21804e+163
 -9.86871e+162
 1.23956e+164
 -2.14161e+164
 2.50974e+164
 -2.17299e+164
 1.11535e+164
 5.28525e+163
 -2.51088e+164
 4.5322e+164
 -6.31178e+164
 7.65097e+164
 -8.4748e+164
 8.84248e+164
 -8.92494e+164
 8.95498e+164
 -9.16215e+164
 9.70802e+164
 -1.06376e+165
 1.18587e+165
 -1.31553e+165
 1.42315e+165
 -1.47766e+165
 1.45362e+165
 -1.33735e+165
 1.13057e+165
 -8.50936e+164
 5.2914e+164
 -2.03476e+164
 -8.71424e+163
 3.10193e+164
 -4.4521e+164
 4.87056e+164
 -4.46245e+164
 3.46328e+164
 -2.18898e+164
 9.72139e+163
 -9.64303e+162
 -2.58079e+163
 4.82714e+162
 6.26593e+163
 -1.54855e+164
 2.42911e+164
 -2.97215e+164
 2.93884e+164
 -2.20088e+164
 7.7122e+163
 1.19438e+164
 -3.42521e+164
 5.58722e+164
 -7.34793e+164
 8.44136e+164
 -8.71982e+164
 8.18197e+164
 -6.97128e+164
 5.34492e+164
 -3.61954e+164
 2.10507e+164
 -1.04102e+164
 5.49349e+163
 -6.14572e+163
 1.0958e+164
 -1.76785e+164
 2.38156e+164
 -2.72854e+164
 2.69455e+164
 -2.28845e+164
 1.6397e+164
 -9.65497e+163
 5.15693e+163
 -5.09296e+163
 1.07778e+164
 -2.22862e+164
 3.8374e+164
 -5.67008e+164
 7.43014e+164
 -8.81993e+164
 9.60264e+164
 -9.6513e+164
 8.97444e+164
 -7.71302e+164
 6.10978e+164
 -4.45782e+164
 3.03956e+164
 -2.06903e+164
 1.64929e+164
 -1.75324e+164
 2.23124e+164
 -2.84349e+164
 3.3104e+164
 -3.3711e+164
 2.83867e+164
 -1.64172e+164
 -1.56111e+163
 2.36246e+164
 -4.68804e+164
 6.79805e+164
 -8.37364e+164
 9.17143e+164
 -9.06901e+164
 8.08708e+164
 -6.38343e+164
 4.21993e+164
 -1.9095e+164
 -2.45687e+163
 2.01105e+164
 -3.2594e+164
 3.98479e+164
 -4.28788e+164
 4.33677e+164
 -4.31335e+164
 4.35857e+164
 -4.53059e+164
 4.78646e+164
 -4.99204e+164
 4.95795e+164
 -4.49238e+164
 3.45782e+164
 -1.81761e+164
 -3.39431e+163
 2.80233e+164
 -5.26935e+164
 7.40072e+164
 -8.8817e+164
 9.48261e+164
 -9.10357e+164
 7.79461e+164
 -5.74732e+164
 3.25986e+164
 -6.82232e+163
 -1.64703e+164
 3.46073e+164
 -4.6077e+164
 5.07411e+164
 -4.97754e+164
 4.53538e+164
 -4.01404e+164
 3.66911e+164
 -3.68862e+164
 4.15072e+164
 -5.00476e+164
 6.0798e+164
 -7.11905e+164
 7.83327e+164
 -7.96216e+164
 7.33068e+164
 -5.88846e+164
 3.72381e+164
 -1.04921e+164
 -1.83853e+164
 4.6152e+164
 -6.99088e+164
 8.76333e+164
 -9.85162e+164
 1.03027e+165
 -1.02701e+165
 9.96996e+164
 -9.62466e+164
 9.40822e+164
 -9.4059e+164
 9.59794e+164
 -9.87072e+164
 1.00522e+165
 -9.96225e+164
 9.46548e+164
 -8.51352e+164
 7.16683e+164
 -5.59108e+164
 4.0289e+164
 -2.75325e+164
 2.01233e+164
 -1.97729e+164
 2.70361e+164
 -4.11396e+164
 6.00648e+164
 -8.08748e+164
 1.00227e+165
 -1.14975e+165
 1.22744e+165
 -1.22361e+165
 1.14053e+165
 -9.93686e+164
 8.08389e+164
 -6.14517e+164
 4.40508e+164
 -3.0789e+164
 2.27506e+164
 -1.98145e+164
 2.07768e+164
 -2.3692e+164
 2.63494e+164
 -2.6776e+164
 2.36621e+164
 -1.66272e+164
 6.28125e+163
 5.91947e+163
 -1.79861e+164
 2.78129e+164
 -3.36117e+164
 3.42816e+164
 -2.96421e+164
 2.0483e+164
 -8.42049e+163
 -4.41568e+163
 1.58039e+164
 -2.3877e+164
 2.74989e+164
 -2.6491e+164
 2.16522e+164
 -1.45652e+164
 7.22889e+163
 -1.59715e+163
 -8.65875e+162
 -4.89564e+162
 5.37256e+163
 -1.26521e+164
 2.06564e+164
 -2.75955e+164
 3.20019e+164
 -3.30856e+164
 3.09247e+164
 -2.64529e+164
 2.12549e+164
 -1.72194e+164
 1.61241e+164
 -1.92388e+164
 2.70229e+164
 -3.89752e+164
 5.36679e+164
 -6.89628e+164
 8.23755e+164
 -9.15253e+164
 9.45834e+164
 -9.06329e+164
 7.98607e+164
 -6.35376e+164
 4.37859e+164
 -2.31813e+164
 4.27272e+163
 1.0877e+164
 -2.10356e+164
 2.59633e+164
 -2.63684e+164
 2.36788e+164
 -1.96851e+164
 1.61379e+164
 -1.43814e+164
 1.50941e+164
 -1.81815e+164
 2.28338e+164
 -2.77315e+164
 3.13506e+164
 -3.23055e+164
 2.96574e+164
 -2.3125e+164
 1.31525e+164
 -8.2113e+162
 -1.23775e+164
 2.48548e+164
 -3.52538e+164
 4.27163e+164
 -4.7027e+164
 4.86012e+164
 -4.83238e+164
 4.72793e+164
 -4.64434e+164
 4.64117e+164
 -4.72329e+164
 4.83864e+164
 -4.89101e+164
 4.76489e+164
 -4.35663e+164
 3.60447e+164
 -2.51036e+164
 1.14814e+164
 3.44667e+163
 -1.79011e+164
 3.00384e+164
 -3.83267e+164
 4.18759e+164
 -4.06482e+164
 3.54993e+164
 -2.80373e+164
 2.03236e+164
 -1.44778e+164
 1.22639e+164
 -1.47419e+164
 2.20532e+164
 -3.33782e+164
 4.70717e+164
 -6.09476e+164
 7.26557e+164
 -8.00812e+164
 8.16957e+164
 -7.67986e+164
 6.56108e+164
 -4.92089e+164
 2.93161e+164
 -7.99018e+163
 -1.27333e+164
 3.1174e+164
 -4.6256e+164
 5.76247e+164
 -6.56117e+164
 7.10598e+164
 -7.50493e+164
 7.85926e+164
 -8.23687e+164
 8.6562e+164
 -9.0843e+164
 9.44919e+164
 -9.66309e+164
 9.65009e+164
 -9.37101e+164
 8.83872e+164
 -8.12007e+164
 7.32376e+164
 -6.57731e+164
 5.99865e+164
 -5.66921e+164
 5.61454e+164
 -5.79668e+164
 6.1199e+164
 -6.44828e+164
 6.63162e+164
 -6.53451e+164
 6.06311e+164
 -5.1845e+164
 3.93514e+164
 -2.41663e+164
 7.7938e+163
 8.02818e+163
 -2.16278e+164
 3.16857e+164
 -3.7451e+164
 3.88438e+164
 -3.64211e+164
 3.12173e+164
 -2.44949e+164
 1.74629e+164
 -1.1028e+164
 5.63228e+163
 -1.20937e+163
 -2.73629e+163
 6.95376e+163
 -1.22176e+164
 1.91002e+164
 -2.77939e+164
 3.80155e+164
 -4.9013e+164
 5.96701e+164
 -6.86912e+164
 7.48348e+164
 -7.71546e+164
 7.52023e+164
 -6.91493e+164
 5.97971e+164
 -4.84624e+164
 3.67524e+164
 -2.62682e+164
 1.82976e+164
 -1.35619e+164
 1.20773e+164
 -1.31657e+164
 1.5618e+164
 -1.79803e+164
 1.89013e+164
 -1.74667e+164
 1.34438e+164
 -7.37637e+163
 5.0327e+162
 5.49132e+163
 -8.84558e+163
 8.12783e+163
 -2.59254e+163
 -7.59881e+163
 2.1347e+164
 -3.67862e+164
 5.16207e+164
 -6.3555e+164
 7.07207e+164
 -7.201e+164
 6.72514e+164
 -5.71994e+164
 4.33558e+164
 -2.76734e+164
 1.22088e+164
 1.20597e+163
 -1.12202e+164
 1.71183e+164
 -1.88616e+164
 1.70276e+164
 -1.26666e+164
 7.10235e+163
 -1.70627e+163
 -2.32305e+163
 4.1419e+163
 -3.37439e+163
 1.34955e+162
 5.04495e+163
 -1.137e+164
 1.79776e+164
 -2.41292e+164
 2.93478e+164
 -3.347e+164
 3.66038e+164
 -3.90139e+164
 4.09749e+164
 -4.2641e+164
 4.39721e+164
 -4.4737e+164
 4.45894e+164
 -4.31907e+164
 4.03417e+164
 -3.60827e+164
 3.0735e+164
 -2.48682e+164
 1.92037e+164
 -1.4474e+164
 1.12706e+164
 -9.91304e+163
 1.03669e+164
 -1.22254e+164
 1.47605e+164
 -1.70324e+164
 1.804e+164
 -1.68874e+164
 1.29371e+164
 -5.9238e+163
 -3.99192e+163
 1.62425e+164
 -2.99428e+164
 4.40367e+164
 -5.74722e+164
 6.93735e+164
 -7.91742e+164
 8.66874e+164
 -9.20975e+164
 9.58819e+164
 -9.86788e+164
 1.01135e+165
 -1.03766e+165
 1.06853e+165
 -1.10404e+165
 1.1417e+165
 -1.17723e+165
 1.20553e+165
 -1.22188e+165
 1.22281e+165
 -1.20673e+165
 1.17393e+165
 -1.12625e+165
 1.06627e+165
 -9.96412e+164
 9.18281e+164
 -8.32267e+164
 7.37773e+164
 -6.33927e+164
 5.20621e+164
 -3.99558e+164
 2.74968e+164
 -1.53722e+164
 4.47012e+163
 4.24712e+163
 -9.91193e+163
 1.19242e+164
 -1.00907e+164
 4.69947e+163
 3.48983e+163
 -1.33418e+164
 2.35122e+164
 -3.26585e+164
 3.96557e+164
 -4.37796e+164
 4.48217e+164
 -4.31136e+164
 3.94556e+164
 -3.496e+164
 3.084e+164
 -2.81824e+164
 2.77498e+164
 -2.98496e+164
 3.42948e+164
 -4.04619e+164
 4.74316e+164
 -5.41812e+164
 5.97878e+164
 -6.36031e+164
 6.53671e+164
 -6.52423e+164
 6.37672e+164
 -6.17417e+164
 6.00662e+164
 -5.95654e+164
 6.08279e+164
 -6.40896e+164
 6.91834e+164
 -7.55646e+164
 8.24092e+164
 -8.8766e+164
 9.37315e+164
 -9.6612e+164
 9.70368e+164
 -9.50004e+164
 9.08247e+164
 -8.50528e+164
 7.83017e+164
 -7.11085e+164
 6.38086e+164
 -5.64747e+164
 4.89303e+164
 -4.08341e+164
 3.18141e+164
 -2.16171e+164
 1.02371e+164
 2.01211e+163
 -1.4496e+164
 2.63336e+164
 -3.65305e+164
 4.4141e+164
 -4.84273e+164
 4.8984e+164
 -4.58066e+164
 3.9294e+164
 -3.0188e+164
 1.94624e+164
 -8.18186e+163
 -2.64585e+163
 1.2202e+164
 -1.99539e+164
 2.57036e+164
 -2.95825e+164
 3.19955e+164
 -3.35234e+164
 3.48014e+164
 -3.63931e+164
 3.86798e+164
 -4.17854e+164
 4.55501e+164
 -4.95601e+164
 5.3231e+164
 -5.59319e+164
 5.71269e+164
 -5.6506e+164
 5.40749e+164
 -5.01825e+164
 4.54768e+164
 -4.07973e+164
 3.70251e+164
 -3.49252e+164
 3.50102e+164
 -3.74525e+164
 4.20538e+164
 -4.82718e+164
 5.52895e+164
 -6.21121e+164
 6.76784e+164
 -7.09755e+164
 7.11544e+164
 -6.76409e+164
 6.02317e+164
 -4.91625e+164
 3.51274e+164
 -1.92342e+164
 2.88729e+163
 1.23899e+164
 -2.5167e+164
 3.43132e+164
 -3.91549e+164
 3.95533e+164
 -3.5887e+164
 2.895e+164
 -1.97934e+164
 9.54956e+163
 7.23194e+162
 -1.01496e+164
 1.80909e+164
 -2.41483e+164
 2.81357e+164
 -3.00381e+164
 2.9973e+164
 -2.81601e+164
 2.48992e+164
 -2.05501e+164
 1.55111e+164
 -1.0193e+164
 4.99171e+163
 -2.65431e+162
 -3.68062e+163
 6.59991e+163
 -8.30463e+163
 8.66668e+163
 -7.62588e+163
 5.20762e+163
 -1.54554e+163
 -3.10126e+163
 8.34999e+163
 -1.3725e+164
 1.87195e+164
 -2.28786e+164
 2.58844e+164
 -2.76184e+164
 2.81829e+164
 -2.78699e+164
 2.70864e+164
 -2.62516e+164
 2.56958e+164
 -2.55859e+164
 2.58948e+164
 -2.64212e+164
 2.68507e+164
 -2.68401e+164
 2.6103e+164
 -2.44761e+164
 2.19533e+164
 -1.86841e+164
 1.49418e+164
 -1.10737e+164
 7.44665e+163
 -4.39906e+163
 2.20398e+163
 -1.04333e+163
 9.89682e+162
 -1.99291e+163
 3.87277e+163
 -6.3229e+163
 8.9339e+163
 -1.12401e+164
 1.2788e+164
 -1.32153e+164
 1.23212e+164
 -1.01089e+164
 6.78449e+163
 -2.71005e+163
 -1.68008e+163
 5.97701e+163
 -9.88351e+163
 1.32656e+164
 -1.61566e+164
 1.8716e+164
 -2.11562e+164
 2.36623e+164
 -2.63281e+164
 2.91276e+164
 -3.1929e+164
 3.45461e+164
 -3.68083e+164
 3.86283e+164
 -4.00435e+164
 4.12186e+164
 -4.24063e+164
 4.38766e+164
 -4.58334e+164
 4.83417e+164
 -5.12839e+164
 5.43577e+164
 -5.71165e+164
 5.90451e+164
 -5.96528e+164
 5.85671e+164
 -5.56071e+164
 5.08217e+164
 -4.44852e+164
 3.70495e+164
 -2.90628e+164
 2.10719e+164
 -1.35276e+164
 6.71387e+163
 -7.14674e+162
 -4.5772e+163
 9.41301e+163
 -1.41152e+164
 1.89954e+164
 -2.42786e+164
 3.00474e+164
 -3.62135e+164
 4.25188e+164
 -4.85649e+164
 5.38668e+164
 -5.79242e+164
 6.03038e+164
 -6.0722e+164
 5.91171e+164
 -5.56956e+164
 5.09392e+164
 -4.55609e+164
 4.0408e+164
 -3.63222e+164
 3.39817e+164
 -3.37577e+164
 3.56231e+164
 -3.91404e+164
 4.35393e+164
 -4.78696e+164
 5.1199e+164
 -5.28056e+164
 5.23227e+164
 -4.97982e+164
 4.56589e+164
 -4.05888e+164
 3.53542e+164
 -3.06189e+164
 2.67946e+164
 -2.39578e+164
 2.18537e+164
 -1.99795e+164
 1.77279e+164
 -1.45547e+164
 1.01338e+164
 -4.46427e+163
 -2.09258e+163
 8.85247e+163
 -1.49171e+164
 1.93306e+164
 -2.12541e+164
 2.01276e+164
 -1.5789e+164
 8.53015e+163
 9.20634e+162
 -1.1488e+164
 2.18971e+164
 -3.08573e+164
 3.72508e+164
 -4.03002e+164
 3.96845e+164
 -3.5589e+164
 2.86773e+164
 -1.99904e+164
 1.0785e+164
 -2.33412e+163
 -4.2799e+163
 8.34593e+163
 -9.64616e+163
 8.4936e+163
 -5.67335e+163
 2.29393e+163
 4.25461e+162
 -1.39009e+163
 -1.61175e+162
 4.51695e+163
 -1.14531e+164
 2.02968e+164
 -3.00761e+164
 3.97176e+164
 -4.82443e+164
 5.4931e+164
 -5.93828e+164
 6.15294e+164
 -6.15425e+164
 5.97073e+164
 -5.62882e+164
 5.1427e+164
 -4.51048e+164
 3.71782e+164
 -2.74796e+164
 1.59533e+164
 -2.78535e+163
 -1.15116e+164
 2.60881e+164
 -3.98329e+164
 5.15196e+164
 -5.99962e+164
 6.43767e+164
 -6.41965e+164
 5.95016e+164
 -5.08572e+164
 3.92779e+164
 -2.60935e+164
 1.27707e+164
 -7.16853e+162
 -8.90882e+163
 1.53542e+164
 -1.83783e+164
 1.82813e+164
 -1.58483e+164
 1.22065e+164
 -8.6118e+163
 6.20027e+163
 -5.75212e+163
 7.51851e+163
 -1.11538e+164
 1.57737e+164
 -2.01312e+164
 2.28765e+164
 -2.28444e+164
 1.93066e+164
 -1.21348e+164
 1.83865e+163
 1.05282e+164
 -2.35724e+164
 3.58292e+164
 -4.60368e+164
 5.33554e+164
 -5.74866e+164
 5.86693e+164
 -5.75589e+164
 5.50248e+164
 -5.19183e+164
 4.88692e+164
 -4.61623e+164
 4.37213e+164
 -4.11984e+164
 3.81433e+164
 -3.42008e+164
 2.92833e+164
 -2.36675e+164
 1.79867e+164
 -1.31153e+164
 9.96916e+163
 -9.2692e+163
 1.13236e+164
 -1.58852e+164
 2.21241e+164
 -2.87289e+164
 3.41234e+164
 -3.67558e+164
 3.54014e+164
 -2.94141e+164
 1.88728e+164
 -4.59154e+163
 -1.20102e+164
 2.91495e+164
 -4.49864e+164
 5.79344e+164
 -6.69155e+164
 7.15145e+164
 -7.20041e+164
 6.92421e+164
 -6.44599e+164
 5.89881e+164
 -5.39709e+164
 5.0127e+164
 -4.76059e+164
 4.59683e+164
 -4.42971e+164
 4.14179e+164
 -3.61854e+164
 2.77784e+164
 -1.59414e+164
 1.11938e+163
 1.55446e+164
 -3.23589e+164
 4.73537e+164
 -5.86235e+164
 6.46728e+164
 -6.4692e+164
 5.87024e+164
 -4.75345e+164
 3.26451e+164
 -1.58107e+164
 -1.22705e+163
 1.70839e+164
 -3.09475e+164
 4.26383e+164
 -5.25116e+164
 6.12341e+164
 -6.94991e+164
 7.77547e+164
 -8.60124e+164
 9.37798e+164
 -1.00131e+165
 1.03894e+165
 -1.03913e+165
 9.93312e+164
 -8.98227e+164
 7.57434e+164
 -5.81496e+164
 3.86859e+164
 -1.93514e+164
 2.18418e+163
 1.10835e+164
 -1.93347e+164
 2.22803e+164
 -2.05272e+164
 1.54795e+164
 -9.08252e+163
 3.45461e+163
 -4.76209e+162
 1.41958e+163
 -6.69544e+163
 1.57698e+164
 -2.7268e+164
 3.9244e+164
 -4.95593e+164
 5.62945e+164
 -5.81137e+164
 5.45132e+164
 -4.59095e+164
 3.35552e+164
 -1.93009e+164
 5.24956e+163
 6.62992e+163
 -1.48576e+164
 1.86964e+164
 -1.82541e+164
 1.4411e+164
 -8.5848e+163
 2.38172e+163
 2.79099e+163
 -6.06084e+163
 7.29259e+163
 -7.10424e+163
 6.68755e+163
 -7.47398e+163
 1.07278e+164
 -1.7169e+164
 2.67229e+164
 -3.84613e+164
 5.07523e+164
 -6.15847e+164
 6.89915e+164
 -7.14765e+164
 6.83501e+164
 -5.99031e+164
 4.73847e+164
 -3.27888e+164
 1.8492e+164
 -6.81255e+163
 -4.26504e+162
 2.2448e+163
 1.30634e+163
 -9.15485e+163
 1.94225e+164
 -2.98051e+164
 3.80439e+164
 -4.23899e+164
 4.19629e+164
 -3.69235e+164
 2.84205e+164
 -1.83251e+164
 8.81094e+163
 -1.87659e+163
 -1.08151e+163
 -4.49028e+162
 6.02008e+163
 -1.43639e+164
 2.3713e+164
 -3.22225e+164
 3.83946e+164
 -4.14108e+164
 4.12973e+164
 -3.88896e+164
 3.56075e+164
 -3.30929e+164
 3.27931e+164
 -3.55821e+164
 4.15046e+164
 -4.97027e+164
 5.85441e+164
 -6.59332e+164
 6.97452e+164
 -6.82987e+164
 6.07701e+164
 -4.74602e+164
 2.98474e+164
 -1.04025e+164
 -7.81531e+163
 2.17128e+164
 -2.8765e+164
 2.75426e+164
 -1.80514e+164
 1.80037e+163
 1.84292e+164
 -3.90794e+164
 5.64823e+164
 -6.75632e+164
 7.04337e+164
 -6.47479e+164
 5.17472e+164
 -3.3982e+164
 1.47732e+164
 2.47449e+163
 -1.49599e+164
 2.10332e+164
 -2.04935e+164
 1.45802e+164
 -5.6682e+163
 -3.26596e+163
 9.29073e+163
 -1.01457e+164
 4.71771e+163
 6.72932e+163
 -2.26169e+164
 4.03917e+164
 -5.7069e+164
 6.98652e+164
 -7.67801e+164
 7.70042e+164
 -7.10576e+164
 6.06312e+164
 -4.81647e+164
 3.62603e+164
 -2.7069e+164
 2.17945e+164
 -2.04332e+164
 2.18072e+164
 -2.38816e+164
 2.42834e+164
 -2.08972e+164
 1.23936e+164
 1.4287e+163
 -1.95639e+164
 3.99939e+164
 -6.01072e+164
 7.72454e+164
 -8.92566e+164
 9.49381e+164
 -9.42767e+164
 8.84403e+164
 -7.95251e+164
 7.01135e+164
 -6.27335e+164
 5.9333e+164
 -6.08752e+164
 6.71406e+164
 -7.67767e+164
 8.75867e+164
 -9.69983e+164
 1.02616e+165
 -1.02739e+165
 9.67426e+164
 -8.523e+164
 6.99357e+164
 -5.33928e+164
 3.84373e+164
 -2.76505e+164
 2.28519e+164
 -2.47388e+164
 3.27405e+164
 -4.51083e+164
 5.92231e+164
 -7.2061e+164
 8.07348e+164
 -8.30143e+164
 7.77311e+164
 -6.49932e+164
 4.61647e+164
 -2.36092e+164
 2.40578e+162
 2.1032e+164
 -3.78519e+164
 4.88397e+164
 -5.38004e+164
 5.3667e+164
 -5.01931e+164
 4.54693e+164
 -4.13787e+164
 3.91251e+164
 -3.89462e+164
 4.00813e+164
 -4.09977e+164
 3.98177e+164
 -3.48405e+164
 2.50309e+164
 -1.0359e+164
 -8.0917e+163
 2.82714e+164
 -4.75367e+164
 6.31663e+164
 -7.2908e+164
 7.54403e+164
 -7.06502e+164
 5.96669e+164
 -4.46441e+164
 2.8333e+164
 -1.35342e+164
 2.54168e+163
 3.30432e+163
 -3.86104e+163
 1.70388e+162
 5.80773e+163
 -1.16581e+164
 1.50675e+164
 -1.43548e+164
 8.85552e+163
 9.19755e+162
 -1.33895e+164
 2.6241e+164
 -3.69304e+164
 4.32353e+164
 -4.37409e+164
 3.81585e+164
 -2.74106e+164
 1.34652e+164
 1.04705e+163
 -1.33556e+164
 2.11063e+164
 -2.2836e+164
 1.8263e+164
 -8.3269e+163
 -5.03699e+163
 1.93451e+164
 -3.21377e+164
 4.15448e+164
 -4.67124e+164
 4.79809e+164
 -4.67697e+164
 4.51885e+164
 -4.54655e+164
 4.93316e+164
 -5.75086e+164
 6.94311e+164
 -8.32754e+164
 9.62977e+164
 -1.05411e+165
 1.07875e+165
 -1.01943e+165
 8.73225e+164
 -6.53348e+164
 3.87402e+164
 -1.12529e+164
 -1.31534e+164
 3.10072e+164
 -4.0013e+164
 3.94987e+164
 -3.05488e+164
 1.57965e+164
 1.0834e+163
 -1.60834e+164
 2.56375e+164
 -2.73114e+164
 2.02759e+164
 -5.46887e+163
 -1.45903e+164
 3.62981e+164
 -5.56802e+164
 6.91762e+164
 -7.43325e+164
 7.02604e+164
 -5.77656e+164
 3.91281e+164
 -1.75871e+164
 -3.34904e+163
 2.06153e+164
 -3.21707e+164
 3.733e+164
 -3.67843e+164
 3.23221e+164
 -2.63216e+164
 2.11353e+164
 -1.85064e+164
 1.91482e+164
 -2.25795e+164
 2.72522e+164
 -3.09445e+164
 3.13284e+164
 -2.65837e+164
 1.59152e+164
 1.50042e+162
 -1.97592e+164
 4.00359e+164
 -5.76288e+164
 6.9394e+164
 -7.30666e+164
 6.77775e+164
 -5.43009e+164
 3.49716e+164
 -1.32787e+164
 -6.79235e+163
 2.15432e+164
 -2.83149e+164
 2.60536e+164
 -1.5565e+164
 -6.05157e+162
 1.86538e+164
 -3.4275e+164
 4.3536e+164
 -4.36935e+164
 3.37792e+164
 -1.48298e+164
 -1.02869e+164
 3.74129e+164
 -6.18955e+164
 7.94755e+164
 -8.70898e+164
 8.34353e+164
 -6.91917e+164
 4.68707e+164
 -2.03314e+164
 -5.93798e+163
 2.76313e+164
 -4.13764e+164
 4.52899e+164
 -3.92351e+164
 2.47428e+164
 -4.61739e+163
 -1.76867e+164
 3.87872e+164
 -5.60421e+164
 6.80204e+164
 -7.46777e+164
 7.72004e+164
 -7.7564e+164
 7.79168e+164
 -7.99444e+164
 8.43745e+164
 -9.07475e+164
 9.75111e+164
 -1.02415e+165
 1.03108e+165
 -9.77903e+164
 8.57519e+164
 -6.76753e+164
 4.56094e+164
 -2.26235e+164
 2.21002e+163
 1.24327e+164
 -1.90812e+164
 1.69833e+164
 -7.06234e+163
 -8.21337e+163
 2.52723e+164
 -4.01039e+164
 4.90163e+164
 -4.93426e+164
 3.99645e+164
 -2.1553e+164
 -3.51697e+163
 3.1569e+164
 -5.82741e+164
 7.94334e+164
 -9.17497e+164
 9.34443e+164
 -8.45961e+164
 6.71324e+164
 -4.44649e+164
 2.08393e+164
 -5.23467e+162
 -1.30026e+164
 1.76913e+164
 -1.32721e+164
 1.22814e+163
 1.55914e+164
 -3.36351e+164
 4.9443e+164
 -6.03912e+164
 6.52181e+164
 -6.421e+164
 5.90075e+164
 -5.20822e+164
 4.60183e+164
 -4.27841e+164
 4.31797e+164
 -4.66054e+164
 5.12115e+164
 -5.43907e+164
 5.34893e+164
 -4.65559e+164
 3.29395e+164
 -1.35881e+164
 -9.03037e+163
 3.13687e+164
 -4.9508e+164
 5.99746e+164
 -6.04872e+164
 5.04741e+164
 -3.12456e+164
 5.78651e+163
 2.17922e+164
 -4.70307e+164
 6.5968e+164
 -7.58912e+164
 7.58371e+164
 -6.67485e+164
 5.12597e+164
 -3.31558e+164
 1.66161e+164
 -5.39099e+163
 2.07191e+163
 -7.59599e+163
 2.10783e+164
 -4.00028e+164
 6.07321e+164
 -7.92358e+164
 9.18934e+164
 -9.62133e+164
 9.1325e+164
 -7.8144e+164
 5.91738e+164
 -3.79787e+164
 1.84339e+164
 -3.90372e+163
 -3.47501e+163
 3.24624e+163
 3.28427e+163
 -1.33678e+164
 2.34677e+164
 -3.0104e+164
 3.06918e+164
 -2.41722e+164
 1.1283e+164
 5.59631e+163
 -2.29906e+164
 3.71327e+164
 -4.48376e+164
 4.42434e+164
 -3.52551e+164
 1.95976e+164
 -4.72202e+162
 -1.81053e+164
 3.21431e+164
 -3.85167e+164
 3.56461e+164
 -2.387e+164
 5.43634e+163
 1.58966e+164
 -3.55805e+164
 4.91847e+164
 -5.33135e+164
 4.63456e+164
 -2.88359e+164
 3.48552e+163
 2.53306e+164
 -5.23904e+164
 7.26456e+164
 -8.22274e+164
 7.92308e+164
 -6.41141e+164
 3.96307e+164
 -1.03037e+164
 -1.84467e+164
 4.13489e+164
 -5.42863e+164
 5.50612e+164
 -4.37671e+164
 2.26967e+164
 4.1872e+163
 -3.21027e+164
 5.64403e+164
 -7.36822e+164
 8.20558e+164
 -8.17834e+164
 7.48804e+164
 -6.45557e+164
 5.43597e+164
 -4.72837e+164
 4.503e+164
 -4.76273e+164
 5.34838e+164
 -5.98635e+164
 6.36622e+164
 -6.22885e+164
 5.44295e+164
 -4.05085e+164
 2.27209e+164
 -4.63423e+163
 -9.55826e+163
 1.59614e+164
 -1.18719e+164
 -3.55771e+163
 2.90328e+164
 -6.12739e+164
 9.55887e+164
 -1.26744e+165
 1.4996e+165
 -1.61821e+165
 1.60927e+165
 -1.48146e+165
 1.26433e+165
 -1.00233e+165
 7.46183e+164
 -5.43008e+164
 4.27336e+164
 -4.14625e+164
 4.98527e+164
 -6.52417e+164
 8.34867e+164
 -9.98049e+164
 1.09743e+165
 -1.1009e+165
 9.95481e+164
 -7.90262e+164
 5.1487e+164
 -2.13729e+164
 -6.27677e+163
 2.68362e+164
 -3.70209e+164
 3.55363e+164
 -2.33119e+164
 3.27208e+163
 2.03038e+164
 -4.2693e+164
 5.97178e+164
 -6.85969e+164
 6.84806e+164
 -6.05532e+164
 4.76816e+164
 -3.36886e+164
 2.24139e+164
 -1.67773e+164
 1.80655e+164
 -2.56129e+164
 3.69593e+164
 -4.84533e+164
 5.61582e+164
 -5.68459e+164
 4.88361e+164
 -3.24798e+164
 1.01674e+164
 1.41404e+164
 -3.57519e+164
 5.02643e+164
 -5.45376e+164
 4.74119e+164
 -3.00166e+164
 5.61022e+163
 2.10187e+164
 -4.44677e+164
 5.97751e+164
 -6.34067e+164
 5.39828e+164
 -3.26019e+164
 2.69208e+163
 3.05869e+164
 -6.12838e+164
 8.37631e+164
 -9.37707e+164
 8.92539e+164
 -7.07775e+164
 4.14542e+164
 -6.39792e+163
 -2.81986e+164
 5.61888e+164
 -7.2587e+164
 7.44606e+164
 -6.14258e+164
 3.56493e+164
 -1.35485e+163
 -3.60679e+164
 7.11673e+164
 -9.95143e+164
 1.1853e+165
 -1.27872e+165
 1.29296e+165
 -1.26025e+165
 1.21783e+165
 -1.19744e+165
 1.21655e+165
 -1.27358e+165
 1.34846e+165
 -1.4082e+165
 1.41614e+165
 -1.34241e+165
 1.17296e+165
 -9.1481e+164
 5.96198e+164
 -2.61605e+164
 -3.72435e+163
 2.52277e+164
 -3.49412e+164
 3.16057e+164
 -1.64178e+164
 -7.16623e+163
 3.40814e+164
 -5.86204e+164
 7.55171e+164
 -8.09342e+164
 7.31657e+164
 -5.29289e+164
 2.31987e+164
 1.13737e+164
 -4.53425e+164
 7.34799e+164
 -9.17311e+164
 9.79366e+164
 -9.21899e+164
 7.67687e+164
 -5.56556e+164
 3.37409e+164
 -1.5863e+164
 5.87207e+163
 -5.90253e+163
 1.60033e+164
 -3.4202e+164
 5.69925e+164
 -8.01432e+164
 9.96499e+164
 -1.12618e+165
 1.17868e+165
 -1.16127e+165
 1.09739e+165
 -1.01985e+165
 9.61547e+164
 -9.46208e+164
 9.81366e+164
 -1.0555e+165
 1.14011e+165
 -1.19628e+165
 1.1842e+165
 -1.07338e+165
 8.51055e+164
 -5.26758e+164
 1.3194e+164
 2.85311e+164
 -6.69385e+164
 9.68099e+164
 -1.14318e+165
 1.17809e+165
 -1.08151e+165
 8.85846e+164
 -6.41019e+164
 4.04706e+164
 -2.31075e+164
 1.6017e+164
 -2.10073e+164
 3.7338e+164
 -6.18698e+164
 8.96874e+164
 -1.15074e+165
 1.32647e+165
 -1.38441e+165
 1.30713e+165
 -1.10331e+165
 8.06484e+164
 -4.69026e+164
 1.52277e+164
 8.51603e+163
 -1.98804e+164
 1.67089e+164
 4.18782e+162
 -2.8271e+164
 6.15672e+164
 -9.39843e+164
 1.19363e+165
 -1.32871e+165
 1.31887e+165
 -1.16421e+165
 8.90044e+164
 -5.40695e+164
 1.69803e+164
 1.70813e+164
 -4.41251e+164
 6.20457e+164
 -7.08609e+164
 7.24616e+164
 -6.99479e+164
 6.67202e+164
 -6.55421e+164
 6.78002e+164
 -7.31337e+164
 7.95214e+164
 -8.38062e+164
 8.25325e+164
 -7.28995e+164
 5.36032e+164
 -2.53608e+164
 -9.0167e+163
 4.50386e+164
 -7.73594e+164
 1.00843e+165
 -1.11635e+165
 1.08015e+165
 -9.0825e+164
 6.3381e+164
 -3.08799e+164
 -5.89091e+162
 2.52185e+164
 -3.86074e+164
 3.86103e+164
 -2.57406e+164
 3.05576e+163
 2.44548e+164
 -5.08552e+164
 7.0433e+164
 -7.88284e+164
 7.39052e+164
 -5.61948e+164
 2.88229e+164
 3.06982e+163
 -3.33072e+164
 5.58656e+164
 -6.60387e+164
 6.13441e+164
 -4.19889e+164
 1.07965e+164
 2.7391e+164
 -6.671e+164
 1.01461e+165
 -1.27232e+165
 1.4171e+165
 -1.45017e+165
 1.39494e+165
 -1.28995e+165
 1.17856e+165
 -1.09789e+165
 1.06966e+165
 -1.09496e+165
 1.15442e+165
 -1.21341e+165
 1.23133e+165
 -1.17254e+165
 1.01643e+165
 -7.64199e+164
 4.40649e+164
 -9.05005e+163
 -2.30094e+164
 4.6501e+164
 -5.70111e+164
 5.23092e+164
 -3.29039e+164
 2.04681e+163
 3.48247e+164
 -7.10918e+164
 1.00203e+165
 -1.16917e+165
 1.18281e+165
 -1.04175e+165
 7.72888e+164
 -4.2567e+164
 6.22512e+163
 2.54666e+164
 -4.73918e+164
 5.65536e+164
 -5.26127e+164
 3.78964e+164
 -1.68819e+164
 -4.74041e+163
 2.1234e+164
 -2.79802e+164
 2.2403e+164
 -4.46695e+163
 -2.33545e+164
 5.66365e+164
 -8.99683e+164
 1.18122e+165
 -1.37166e+165
 1.45273e+165
 -1.43032e+165
 1.3319e+165
 -1.19873e+165
 1.07487e+165
 -9.95517e+164
 9.77792e+164
 -1.01618e+165
 1.0839e+165
 -1.1399e+165
 1.13972e+165
 -1.04746e+165
 8.4604e+164
 -5.42992e+164
 1.70569e+164
 2.20033e+164
 -5.68962e+164
 8.20225e+164
 -9.33644e+164
 8.9367e+164
 -7.13174e+164
 4.31439e+164
 -1.06775e+164
 -1.94709e+164
 4.11911e+164
 -5.0054e+164
 4.41602e+164
 -2.44912e+164
 -5.30132e+163
 3.96206e+164
 -7.20183e+164
 9.64384e+164
 -1.08367e+165
 1.05665e+165
 -8.89337e+164
 6.13394e+164
 -2.79501e+164
 -5.285e+163
 3.27086e+164
 -5.00537e+164
 5.5256e+164
 -4.8826e+164
 3.37118e+164
 -1.46798e+164
 -2.66618e+163
 1.30348e+164
 -1.25402e+164
 -4.85769e+162
 2.51326e+164
 -5.8085e+164
 9.43061e+164
 -1.28095e+165
 1.54295e+165
 -1.69384e+165
 1.72207e+165
 -1.64163e+165
 1.48806e+165
 -1.30944e+165
 1.15436e+165
 -1.05992e+165
 1.04252e+165
 -1.09384e+165
 1.18289e+165
 -1.26376e+165
 1.28712e+165
 -1.21281e+165
 1.02038e+165
 -7.15332e+164
 3.29457e+164
 8.47394e+163
 -4.64337e+164
 7.48822e+164
 -8.92728e+164
 8.75431e+164
 -7.06034e+164
 4.22284e+164
 -8.36204e+163
 -2.40279e+164
 4.83213e+164
 -5.95644e+164
 5.54653e+164
 -3.68578e+164
 7.53583e+163
 2.65131e+164
 -5.83151e+164
 8.1311e+164
 -9.06636e+164
 8.42071e+164
 -6.28534e+164
 3.03854e+164
 7.3081e+163
 -4.33891e+164
 7.13821e+164
 -8.63808e+164
 8.5919e+164
 -7.03481e+164
 4.26609e+164
 -7.81009e+163
 -2.83358e+164
 6.01842e+164
 -8.3518e+164
 9.62751e+164
 -9.88453e+164
 9.38184e+164
 -8.52396e+164
 7.75364e+164
 -7.43673e+164
 7.7666e+164
 -8.71173e+164
 1.002e+165
 -1.12792e+165
 1.20206e+165
 -1.1839e+165
 1.05019e+165
 -8.01897e+164
 4.65691e+164
 -8.93465e+163
 -2.67791e+164
 5.47222e+164
 -7.03831e+164
 7.15832e+164
 -5.89968e+164
 3.60856e+164
 -8.4556e+163
 -1.72369e+164
 3.46156e+164
 -3.8886e+164
 2.78502e+164
 -2.42472e+163
 -3.34512e+164
 7.35117e+164
 -1.10339e+165
 1.36792e+165
 -1.47406e+165
 1.39478e+165
 -1.13624e+165
 7.36804e+164
 -2.59721e+164
 -2.19049e+164
 6.25395e+164
 -9.01007e+164
 1.01388e+165
 -9.63254e+164
 7.78096e+164
 -5.09483e+164
 2.18684e+164
 3.64713e+163
 -2.13951e+164
 2.95886e+164
 -2.9113e+164
 2.31513e+164
 -1.6269e+164
 1.31807e+164
 -1.74928e+164
 3.0726e+164
 -5.18575e+164
 7.74936e+164
 -1.02636e+165
 1.21856e+165
 -1.30602e+165
 1.26327e+165
 -1.09168e+165
 8.2031e+164
 -5.00481e+164
 1.95303e+164
 3.3568e+163
 -1.39107e+164
 9.92446e+163
 7.7866e+163
 -3.54764e+164
 6.71671e+164
 -9.58194e+164
 1.14744e+165
 -1.18972e+165
 1.06309e+165
 -7.78481e+164
 3.78484e+164
 7.03013e+163
 -4.89702e+164
 8.04868e+164
 -9.58663e+164
 9.22697e+164
 -7.02827e+164
 3.38045e+164
 1.0701e+164
 -5.54384e+164
 9.27536e+164
 -1.16553e+165
 1.23383e+165
 -1.12965e+165
 8.80724e+164
 -5.37975e+164
 1.63584e+164
 1.82794e+164
 -4.56656e+164
 6.37285e+164
 -7.30459e+164
 7.64654e+164
 -7.81722e+164
 8.24333e+164
 -9.23298e+164
 1.08793e+165
 -1.3019e+165
 1.52572e+165
 -1.70535e+165
 1.78498e+165
 -1.72092e+165
 1.49336e+165
 -1.11326e+165
 6.22431e+164
 -8.69777e+163
 -4.14893e+164
 8.07952e+164
 -1.03484e+165
 1.06767e+165
 -9.1383e+164
 6.14907e+164
 -2.388e+164
 -1.33369e+164
 4.22969e+164
 -5.69106e+164
 5.40416e+164
 -3.41081e+164
 9.90566e+162
 3.87372e+164
 -7.71036e+164
 1.06308e+165
 -1.20255e+165
 1.1576e+165
 -9.3174e+164
 5.63222e+164
 -1.17531e+164
 -3.25493e+164
 6.87335e+164
 -9.06182e+164
 9.48872e+164
 -8.17042e+164
 5.46232e+164
 -1.98184e+164
 -1.52008e+164
 4.31204e+164
 -5.82753e+164
 5.77264e+164
 -4.1743e+164
 1.35997e+164
 2.12528e+164
 -5.64532e+164
 8.61501e+164
 -1.06262e+165
 1.153e+165
 -1.14578e+165
 1.07751e+165
 -9.9816e+164
 9.57788e+164
 -9.93275e+164
 1.11815e+165
 -1.31811e+165
 1.55332e+165
 -1.76723e+165
 1.89974e+165
 -1.90178e+165
 1.74788e+165
 -1.4437e+165
 1.02678e+165
 -5.60181e+164
 1.20369e+164
 2.18059e+164
 -3.97611e+164
 3.89797e+164
 -2.01223e+164
 -1.27421e+164
 5.29265e+164
 -9.24442e+164
 1.23584e+165
 -1.40421e+165
 1.39963e+165
 -1.22697e+165
 9.24311e+164
 -5.54746e+164
 1.93171e+164
 8.9168e+163
 -2.39285e+164
 2.33263e+164
 -8.10896e+163
 -1.75433e+164
 4.71275e+164
 -7.31487e+164
 8.86523e+164
 -8.86429e+164
 7.1099e+164
 -3.73745e+164
 -8.09338e+163
 5.87074e+164
 -1.07068e+165
 1.46479e+165
 -1.72272e+165
 1.82673e+165
 -1.79026e+165
 1.65314e+165
 -1.47111e+165
 1.30188e+165
 -1.19117e+165
 1.16182e+165
 -1.20865e+165
 1.30026e+165
 -1.38739e+165
 1.41564e+165
 -1.33981e+165
 1.13609e+165
 -8.0953e+164
 3.94703e+164
 5.03482e+163
 -4.55743e+164
 7.54326e+164
 -8.96008e+164
 8.5881e+164
 -6.54267e+164
 3.26035e+164
 5.8023e+163
 -4.1873e+164
 6.809e+164
 -7.88057e+164
 7.13675e+164
 -4.66719e+164
 9.03326e+163
 3.46125e+164
 -7.60266e+164
 1.07256e+165
 -1.22191e+165
 1.17779e+165
 -9.46593e+164
 5.70798e+164
 -1.21087e+164
 -3.17118e+164
 6.59986e+164
 -8.41218e+164
 8.24344e+164
 -6.08889e+164
 2.29203e+164
 2.5373e+164
 -7.65637e+164
 1.23454e+165
 -1.60515e+165
 1.84889e+165
 -1.9675e+165
 1.98941e+165
 -1.96001e+165
 1.92822e+165
 -1.93266e+165
 1.99087e+165
 -2.09423e+165
 2.20981e+165
 -2.28877e+165
 2.27917e+165
 -2.14014e+165
 1.85394e+165
 -1.43299e+165
 9.2013e+164
 -3.8188e+164
 -1.03853e+164
 4.63123e+164
 -6.41036e+164
 6.13411e+164
 -3.925e+164
 2.55055e+163
 4.13918e+164
 -8.39541e+164
 1.16907e+165
 -1.34001e+165
 1.32165e+165
 -1.12081e+165
 7.80117e+164
 -3.69117e+164
 -2.99033e+163
 3.38656e+164
 -4.9872e+164
 4.83351e+164
 -3.02868e+164
 2.52615e+162
 3.4669e+164
 -6.62489e+164
 8.68019e+164
 -9.07562e+164
 7.58061e+164
 -4.34171e+164
 -1.4152e+163
 5.11031e+164
 -9.69142e+164
 1.3064e+165
 -1.46154e+165
 1.40552e+165
 -1.14647e+165
 7.27224e+164
 -2.16037e+164
 -3.07652e+164
 7.69291e+164
 -1.11375e+165
 1.31513e+165
 -1.37983e+165
 1.34208e+165
 -1.25325e+165
 1.16748e+165
 -1.12708e+165
 1.15138e+165
 -1.23167e+165
 1.33354e+165
 -1.40596e+165
 1.39487e+165
 -1.25795e+165
 9.76886e+164
 -5.6429e+164
 6.35346e+163
 4.58516e+164
 -9.24271e+164
 1.2609e+165
 -1.41521e+165
 1.36479e+165
 -1.12302e+165
 7.37056e+164
 -2.78975e+164
 -1.67918e+164
 5.25074e+164
 -7.33739e+164
 7.66091e+164
 -6.30286e+164
 3.68405e+164
 -4.77015e+163
 -2.5314e+164
 4.60003e+164
 -5.18433e+164
 4.04797e+164
 -1.31295e+164
 -2.56204e+164
 6.87069e+164
 -1.07975e+165
 1.35777e+165
 -1.4647e+165
 1.37494e+165
 -1.09835e+165
 6.77572e+164
 -1.78879e+164
 -3.2174e+164
 7.54119e+164
 -1.06786e+165
 1.24163e+165
 -1.28583e+165
 1.23801e+165
 -1.15219e+165
 1.08453e+165
 -1.07869e+165
 1.1545e+165
 -1.30256e+165
 1.48617e+165
 -1.65025e+165
 1.735e+165
 -1.69124e+165
 1.4936e+165
 -1.14845e+165
 6.94782e+164
 -1.97545e+164
 -2.64914e+164
 6.16716e+164
 -8.00142e+164
 7.87844e+164
 -5.88998e+164
 2.48121e+164
 1.63224e+164
 -5.60203e+164
 8.61223e+164
 -1.00392e+165
 9.57429e+164
 -7.28526e+164
 3.6033e+164
 7.61582e+163
 -4.96073e+164
 8.17498e+164
 -9.7774e+164
 9.4584e+164
 -7.28805e+164
 3.70321e+164
 5.78202e+163
 -4.69869e+164
 7.83006e+164
 -9.33554e+164
 8.89226e+164
 -6.54913e+164
 2.70838e+164
 1.96507e+164
 -6.68704e+164
 1.07193e+165
 -1.35209e+165
 1.48521e+165
 -1.48082e+165
 1.3776e+165
 -1.23234e+165
 1.10484e+165
 -1.04237e+165
 1.0675e+165
 -1.17225e+165
 1.32001e+165
 -1.45477e+165
 1.51552e+165
 -1.45223e+165
 1.2396e+165
 -8.8525e+164
 4.30409e+164
 5.72657e+163
 -4.97107e+164
 8.12199e+164
 -9.45839e+164
 8.74101e+164
 -6.11803e+164
 2.10539e+164
 2.50861e+164
 -6.81526e+164
 9.96338e+164
 -1.13271e+165
 1.063e+165
 -8.00112e+164
 3.95075e+164
 7.28135e+163
 -5.11435e+164
 8.33846e+164
 -9.75311e+164
 9.06048e+164
 -6.37192e+164
 2.18777e+164
 2.69894e+164
 -7.35615e+164
 1.08937e+165
 -1.26354e+165
 1.22474e+165
 -9.79713e+164
 5.72976e+164
 -7.67674e+163
 -4.24609e+164
 8.52674e+164
 -1.15099e+165
 1.29612e+165
 -1.30088e+165
 1.20922e+165
 -1.08393e+165
 9.90195e+164
 -9.78836e+164
 1.07341e+165
 -1.26414e+165
 1.5102e+165
 -1.74965e+165
 1.91472e+165
 -1.94865e+165
 1.82017e+165
 -1.5322e+165
 1.12273e+165
 -6.5781e+164
 2.18096e+164
 1.18083e+164
 -2.91413e+164
 2.74556e+164
 -7.86146e+163
 -2.48245e+164
 6.29759e+164
 -9.76337e+164
 1.2027e+165
 -1.24488e+165
 1.07322e+165
 -6.98802e+164
 1.71952e+164
 4.26875e+164
 -1.00216e+165
 1.46138e+165
 -1.7326e+165
 1.77815e+165
 -1.60162e+165
 1.24698e+165
 -7.89696e+164
 3.21904e+164
 6.57241e+163
 -3.01675e+164
 3.47457e+164
 -2.04876e+164
 -8.46831e+163
 4.48812e+164
 -7.98773e+164
 1.04739e+165
 -1.12655e+165
 1.00085e+165
 -6.74489e+164
 1.90118e+164
 3.80172e+164
 -9.49882e+164
 1.43589e+165
 -1.77523e+165
 1.93707e+165
 -1.92744e+165
 1.78552e+165
 -1.57247e+165
 1.35552e+165
 -1.1911e+165
 1.11112e+165
 -1.1156e+165
 1.17355e+165
 -1.23165e+165
 1.22878e+165
 -1.11262e+165
 8.54446e+164
 -4.58519e+164
 -3.62218e+163
 5.62629e+164
 -1.03861e+165
 1.38428e+165
 -1.53929e+165
 1.47656e+165
 -1.20932e+165
 7.89954e+164
 -3.00767e+164
 -1.61638e+164
 5.05068e+164
 -6.59842e+164
 5.92559e+164
 -3.12768e+164
 -1.28822e+164
 6.50214e+164
 -1.15412e+165
 1.54684e+165
 -1.7564e+165
 1.74624e+165
 -1.52191e+165
 1.12956e+165
 -6.46428e+164
 1.65456e+164
 2.22971e+164
 -4.48468e+164
 4.73787e+164
 -3.01045e+164
 -3.01629e+163
 4.52296e+164
 -8.84943e+164
 1.25219e+165
 -1.49843e+165
 1.59926e+165
 -1.56486e+165
 1.43543e+165
 -1.26954e+165
 1.12847e+165
 -1.06016e+165
 1.0868e+165
 -1.19903e+165
 1.35811e+165
 -1.50567e+165
 1.57848e+165
 -1.52472e+165
 1.31792e+165
 -9.65067e+164
 5.07151e+164
 -1.18219e+163
 -4.40168e+164
 7.71798e+164
 -9.2625e+164
 8.79452e+164
 -6.4599e+164
 2.77065e+164
 1.49152e+164
 -5.4286e+164
 8.2053e+164
 -9.21745e+164
 8.21522e+164
 -5.3561e+164
 1.17639e+164
 3.51304e+164
 -7.78644e+164
 1.07866e+165
 -1.18962e+165
 1.08625e+165
 -7.85251e+164
 3.42571e+164
 1.5699e+164
 -6.15854e+164
 9.42352e+164
 -1.06835e+165
 9.6231e+164
 -6.35117e+164
 1.37447e+164
 4.5088e+164
 -1.03738e+165
 1.5358e+165
 -1.88333e+165
 2.05247e+165
 -2.05473e+165
 1.93564e+165
 -1.76191e+165
 1.60415e+165
 -1.51893e+165
 1.53485e+165
 -1.64561e+165
 1.81197e+165
 -1.97196e+165
 2.05684e+165
 -2.00892e+165
 1.79705e+165
 -1.42598e+165
 9.37508e+164
 -4.03038e+164
 -9.07379e+163
 4.59963e+164
 -6.41539e+164
 6.06983e+164
 -3.69251e+164
 -1.8967e+163
 4.75152e+164
 -9.03051e+164
 1.21168e+165
 -1.3334e+165
 1.23736e+165
 -9.35708e+164
 4.81219e+164
 4.30449e+163
 -5.40085e+164
 9.18006e+164
 -1.10802e+165
 1.07785e+165
 -8.37976e+164
 4.39422e+164
 3.63132e+163
 -4.93283e+164
 8.39874e+164
 -1.00668e+165
 9.60001e+164
 -7.08334e+164
 3.00668e+164
 1.831e+164
 -6.47698e+164
 1.00091e+165
 -1.17126e+165
 1.12144e+165
 -8.54796e+164
 4.13666e+164
 1.30155e+164
 -6.90706e+164
 1.18567e+165
 -1.55288e+165
 1.7619e+165
 -1.8182e+165
 1.75905e+165
 -1.64213e+165
 1.5297e+165
 -1.47205e+165
 1.49438e+165
 -1.59019e+165
 1.72293e+165
 -1.83541e+165
 1.86474e+165
 -1.75911e+165
 1.49239e+165
 -1.07297e+165
 5.44719e+164
 2.02858e+163
 -5.35678e+164
 9.18338e+164
 -1.10574e+165
 1.06942e+165
 -8.21623e+164
 4.13786e+164
 7.28973e+163
 -5.42961e+164
 9.05077e+164
 -1.08973e+165
 1.06267e+165
 -8.31438e+164
 4.43753e+164
 2.20697e+163
 -4.72683e+164
 8.18298e+164
 -9.90614e+164
 9.56556e+164
 -7.25048e+164
 3.45451e+164
 1.02117e+164
 -5.22664e+164
 8.25253e+164
 -9.41148e+164
 8.3745e+164
 -5.23392e+164
 4.79542e+163
 5.10719e+164
 -1.06187e+165
 1.52113e+165
 -1.8278e+165
 1.95666e+165
 -1.92168e+165
 1.77074e+165
 -1.5727e+165
 1.39967e+165
 -1.30892e+165
 1.32853e+165
 -1.45032e+165
 1.63191e+165
 -1.80721e+165
 1.90303e+165
 -1.85766e+165
 1.63723e+165
 -1.2457e+165
 7.26382e+164
 -1.54413e+164
 -3.78032e+164
 7.80667e+164
 -9.83988e+164
 9.54128e+164
 -7.00509e+164
 2.74681e+164
 2.3941e+164
 -7.41749e+164
 1.13584e+165
 -1.34758e+165
 1.33966e+165
 -1.11863e+165
 7.33139e+164
 -2.63982e+164
 -1.92283e+164
 5.42695e+164
 -7.16459e+164
 6.79053e+164
 -4.39101e+164
 4.66941e+163
 4.16481e+164
 -8.5325e+164
 1.17008e+165
 -1.29543e+165
 1.19366e+165
 -8.71656e+164
 3.76909e+164
 2.12692e+164
 -8.05094e+164
 1.313e+165
 -1.6714e+165
 1.84987e+165
 -1.85697e+165
 1.73584e+165
 -1.55195e+165
 1.37601e+165
 -1.26611e+165
 1.2533e+165
 -1.33419e+165
 1.47223e+165
 -1.60736e+165
 1.67169e+165
 -1.60733e+165
 1.38221e+165
 -1.00001e+165
 5.01948e+164
 4.01118e+163
 -5.37724e+164
 9.04068e+164
 -1.07236e+165
 1.01054e+165
 -7.29033e+164
 2.79917e+164
 2.52417e+164
 -7.67332e+164
 1.16747e+165
 -1.37781e+165
 1.36041e+165
 -1.1218e+165
 7.11624e+164
 -2.12612e+164
 -2.7594e+164
 6.57995e+164
 -8.59888e+164
 8.44926e+164
 -6.20556e+164
 2.36703e+164
 2.2439e+164
 -6.64751e+164
 9.9037e+164
 -1.13005e+165
 1.04966e+165
 -7.58965e+164
 3.09698e+164
 2.14659e+164
 -7.15346e+164
 1.0977e+165
 -1.28952e+165
 1.25484e+165
 -1.00018e+165
 5.72226e+164
 -4.73803e+163
 -4.84678e+164
 9.39826e+164
 -1.25673e+165
 1.40873e+165
 -1.40765e+165
 1.29874e+165
 -1.14791e+165
 1.02415e+165
 -9.81485e+164
 1.04474e+165
 -1.20269e+165
 1.41027e+165
 -1.59947e+165
 1.69623e+165
 -1.63927e+165
 1.39643e+165
 -9.74547e+164
 4.20485e+164
 1.86842e+164
 -7.51873e+164
 1.18179e+165
 -1.40575e+165
 1.38987e+165
 -1.14479e+165
 7.24255e+164
 -2.14981e+164
 -2.80227e+164
 6.62609e+164
 -8.56858e+164
 8.25885e+164
 -5.77984e+164
 1.64958e+164
 3.28381e+164
 -8.01243e+164
 1.15697e+165
 -1.32224e+165
 1.2615e+165
 -9.83877e+164
 5.41203e+164
 -1.76656e+163
 -4.86794e+164
 8.75988e+164
 -1.07601e+165
 1.0491e+165
 -8.00106e+164
 3.74354e+164
 1.5269e+164
 -6.9166e+164
 1.15807e+165
 -1.48958e+165
 1.65793e+165
 -1.67301e+165
 1.578e+165
 -1.4369e+165
 1.31726e+165
 -1.27236e+165
 1.32718e+165
 -1.47156e+165
 1.66241e+165
 -1.83425e+165
 1.91571e+165
 -1.8479e+165
 1.60027e+165
 -1.18005e+165
 6.33213e+164
 -3.65185e+163
 -5.1749e+164
 9.39321e+164
 -1.16109e+165
 1.15088e+165
 -9.19774e+164
 5.20291e+164
 -3.62862e+163
 -4.33452e+164
 7.94682e+164
 -9.76329e+164
 9.44508e+164
 -7.09147e+164
 3.21876e+164
 1.34391e+164
 -5.62132e+164
 8.68838e+164
 -9.857e+164
 8.81654e+164
 -5.69984e+164
 1.06145e+164
 4.22795e+164
 -9.15021e+164
 1.2738e+165
 -1.42627e+165
 1.33745e+165
 -1.0165e+165
 5.14056e+164
 8.88008e+163
 -6.97698e+164
 1.22444e+165
 -1.60465e+165
 1.8098e+165
 -1.85084e+165
 1.77288e+165
 -1.64204e+165
 1.52773e+165
 -1.48451e+165
 1.53797e+165
 -1.67801e+165
 1.86116e+165
 -2.02143e+165
 2.08706e+165
 -1.99908e+165
 1.72736e+165
 -1.28016e+165
 7.05001e+164
 -8.05883e+163
 -4.98499e+164
 9.40975e+164
 -1.17773e+165
 1.1764e+165
 -9.48519e+164
 5.47837e+164
 -5.9999e+163
 -4.14169e+164
 7.78471e+164
 -9.60246e+164
 9.24572e+164
 -6.80959e+164
 2.81197e+164
 1.91191e+164
 -6.37789e+164
 9.65085e+164
 -1.10328e+165
 1.0204e+165
 -7.28913e+164
 2.83523e+164
 2.29429e+164
 -7.08855e+164
 1.05875e+165
 -1.20699e+165
 1.11933e+165
 -8.05665e+164
 3.17375e+164
 2.63862e+164
 -8.43356e+164
 1.33317e+165
 -1.67009e+165
 1.82783e+165
 -1.82077e+165
 1.69832e+165
 -1.53127e+165
 1.39333e+165
 -1.34216e+165
 1.4047e+165
 -1.57009e+165
 1.79214e+165
 -2.00069e+165
 2.11905e+165
 -2.08346e+165
 1.85985e+165
 -1.45382e+165
 9.1174e+164
 -3.12465e+164
 -2.48391e+164
 6.78187e+164
 -9.0671e+164
 9.01217e+164
 -6.73848e+164
 2.79868e+164
 1.92933e+164
 -6.41529e+164
 9.68157e+164
P:5 Nt:100 Time:95.766ms
